,x,Q2,y,x,Q2,y,x,Q2,y
,min,min,min,mid,mid,mid,max,max,max
index,,,,,,,,,
1,0.0,0.0,0.261,0.015,0.19416600000000003,0.30000000000000004,0.03,0.43881516,0.339
2,0.03,0.33784884,0.261,0.045,0.5824980000000001,0.30000000000000004,0.06,0.87763032,0.339
3,0.06,0.67569768,0.261,0.08,1.035552,0.30000000000000004,0.1,1.4627172,0.339
4,0.1,1.1261628,0.261,0.125,1.6180500000000002,0.30000000000000004,0.15,2.1940758,0.339
5,0.15,1.6892441999999999,0.261,0.175,2.26527,0.30000000000000004,0.2,2.9254344,0.339
6,0.2,2.2523256,0.261,0.225,2.9124900000000005,0.30000000000000004,0.25,3.656793,0.339
7,0.25,2.815407,0.261,0.275,3.5597100000000004,0.30000000000000004,0.3,4.3881516,0.339
8,0.3,3.3784883999999997,0.261,0.35,4.53054,0.30000000000000004,0.4,5.8508688,0.339
9,0.4,4.5046512,0.261,0.45,5.824980000000001,0.30000000000000004,0.5,7.313586,0.339
10,0.5,5.630814,0.261,0.55,7.119420000000001,0.30000000000000004,0.6,8.7763032,0.339
11,0.6,6.7569767999999995,0.261,0.6499999999999999,8.41386,0.30000000000000004,0.7,10.2390204,0.339
12,0.0,0.0,0.339,0.015,0.25241579999999997,0.39,0.03,0.57084804,0.441
13,0.03,0.43881516,0.339,0.045,0.7572473999999999,0.39,0.06,1.14169608,0.441
14,0.06,0.87763032,0.339,0.08,1.3462176,0.39,0.1,1.9028268000000002,0.441
15,0.1,1.4627172,0.339,0.125,2.103465,0.39,0.15,2.8542402,0.441
16,0.15,2.1940758,0.339,0.175,2.9448509999999994,0.39,0.2,3.8056536000000003,0.441
17,0.2,2.9254344,0.339,0.225,3.786237,0.39,0.25,4.757066999999999,0.441
18,0.25,3.656793,0.339,0.275,4.627623000000001,0.39,0.3,5.7084804,0.441
19,0.3,4.3881516,0.339,0.35,5.889701999999999,0.39,0.4,7.611307200000001,0.441
20,0.4,5.8508688,0.339,0.45,7.572474,0.39,0.5,9.514133999999999,0.441
21,0.5,7.313586,0.339,0.55,9.255246000000001,0.39,0.6,11.4169608,0.441
22,0.6,8.7763032,0.339,0.6499999999999999,10.938017999999998,0.39,0.7,13.3197876,0.441
23,0.0,0.0,0.441,0.015,0.32814054,0.507,0.03,0.7417141199999999,0.573
24,0.03,0.57084804,0.441,0.045,0.9844216199999999,0.507,0.06,1.4834282399999998,0.573
25,0.06,1.14169608,0.441,0.08,1.7500828800000001,0.507,0.1,2.4723803999999996,0.573
26,0.1,1.9028268000000002,0.441,0.125,2.7345045,0.507,0.15,3.7085705999999994,0.573
27,0.15,2.8542402,0.441,0.175,3.8283062999999995,0.507,0.2,4.944760799999999,0.573
28,0.2,3.8056536000000003,0.441,0.225,4.9221081,0.507,0.25,6.1809509999999985,0.573
29,0.25,4.757066999999999,0.441,0.275,6.0159099,0.507,0.3,7.417141199999999,0.573
30,0.3,5.7084804,0.441,0.35,7.656612599999999,0.507,0.4,9.889521599999998,0.573
31,0.4,7.611307200000001,0.441,0.45,9.8442162,0.507,0.5,12.361901999999997,0.573
32,0.5,9.514133999999999,0.441,0.55,12.0318198,0.507,0.6,14.834282399999998,0.573
33,0.6,11.4169608,0.441,0.6499999999999999,14.219423399999997,0.507,0.7,17.306662799999998,0.573
34,0.0,0.0,0.573,0.015,0.42651798,0.659,0.03,0.9643577999999999,0.745
35,0.03,0.7417141199999999,0.573,0.045,1.27955394,0.659,0.06,1.9287155999999999,0.745
36,0.06,1.4834282399999998,0.573,0.08,2.27476256,0.659,0.1,3.2145259999999998,0.745
37,0.1,2.4723803999999996,0.573,0.125,3.5543164999999997,0.659,0.15,4.821789,0.745
38,0.15,3.7085705999999994,0.573,0.175,4.9760431,0.659,0.2,6.4290519999999995,0.745
39,0.2,4.944760799999999,0.573,0.225,6.3977697000000004,0.659,0.25,8.036314999999998,0.745
40,0.25,6.1809509999999985,0.573,0.275,7.8194963,0.659,0.3,9.643578,0.745
41,0.3,7.417141199999999,0.573,0.35,9.9520862,0.659,0.4,12.858103999999999,0.745
42,0.4,9.889521599999998,0.573,0.45,12.795539400000001,0.659,0.5,16.072629999999997,0.745
43,0.5,12.361901999999997,0.573,0.55,15.6389926,0.659,0.6,19.287156,0.745
44,0.6,14.834282399999998,0.573,0.6499999999999999,18.482445799999997,0.659,0.7,22.501682,0.745
45,0.0,0.0,0.201,0.015,0.194360166,0.231,0.03,0.439203492,0.261
46,0.03,0.338237172,0.201,0.045,0.583080498,0.231,0.06,0.878406984,0.261
47,0.06,0.676474344,0.201,0.08,1.036587552,0.231,0.1,1.4640116399999998,0.261
48,0.1,1.12745724,0.201,0.125,1.61966805,0.231,0.15,2.1960174599999998,0.261
49,0.15,1.6911858599999998,0.201,0.175,2.2675352699999998,0.231,0.2,2.9280232799999997,0.261
50,0.2,2.25491448,0.201,0.225,2.91540249,0.231,0.25,3.6600291,0.261
51,0.25,2.8186431,0.201,0.275,3.56326971,0.231,0.3,4.3920349199999995,0.261
52,0.3,3.3823717199999996,0.201,0.35,4.5350705399999995,0.231,0.4,5.856046559999999,0.261
53,0.4,4.50982896,0.201,0.45,5.83080498,0.231,0.5,7.3200582,0.261
54,0.5,5.6372862,0.201,0.55,7.12653942,0.231,0.6,8.784069839999999,0.261
55,0.6,6.764743439999999,0.201,0.6499999999999999,8.422273859999999,0.231,0.7,10.248081479999998,0.261
56,0.0,0.0,0.261,0.015,0.2524158,0.30000000000000004,0.03,0.5704597079999999,0.339
57,0.03,0.439203492,0.261,0.045,0.7572474,0.30000000000000004,0.06,1.1409194159999998,0.339
58,0.06,0.878406984,0.261,0.08,1.3462176,0.30000000000000004,0.1,1.9015323599999998,0.339
59,0.1,1.4640116399999998,0.261,0.125,2.1034650000000004,0.30000000000000004,0.15,2.8522985399999996,0.339
60,0.15,2.1960174599999998,0.261,0.175,2.944851,0.30000000000000004,0.2,3.8030647199999996,0.339
61,0.2,2.9280232799999997,0.261,0.225,3.7862370000000003,0.30000000000000004,0.25,4.7538309,0.339
62,0.25,3.6600291,0.261,0.275,4.627623000000001,0.30000000000000004,0.3,5.704597079999999,0.339
63,0.3,4.3920349199999995,0.261,0.35,5.889702,0.30000000000000004,0.4,7.606129439999999,0.339
64,0.4,5.856046559999999,0.261,0.45,7.572474000000001,0.30000000000000004,0.5,9.5076618,0.339
65,0.5,7.3200582,0.261,0.55,9.255246000000001,0.30000000000000004,0.6,11.409194159999998,0.339
66,0.6,8.784069839999999,0.261,0.6499999999999999,10.938018,0.30000000000000004,0.7,13.31072652,0.339
67,0.0,0.0,0.339,0.015,0.32814054,0.39,0.03,0.7421024519999999,0.441
68,0.03,0.5704597079999999,0.339,0.045,0.9844216199999999,0.39,0.06,1.4842049039999998,0.441
69,0.06,1.1409194159999998,0.339,0.08,1.75008288,0.39,0.1,2.47367484,0.441
70,0.1,1.9015323599999998,0.339,0.125,2.7345045,0.39,0.15,3.71051226,0.441
71,0.15,2.8522985399999996,0.339,0.175,3.8283062999999995,0.39,0.2,4.94734968,0.441
72,0.2,3.8030647199999996,0.339,0.225,4.922108099999999,0.39,0.25,6.184187099999999,0.441
73,0.25,4.7538309,0.339,0.275,6.0159099000000005,0.39,0.3,7.42102452,0.441
74,0.3,5.704597079999999,0.339,0.35,7.656612599999999,0.39,0.4,9.89469936,0.441
75,0.4,7.606129439999999,0.339,0.45,9.844216199999998,0.39,0.5,12.368374199999998,0.441
76,0.5,9.5076618,0.339,0.55,12.031819800000001,0.39,0.6,14.84204904,0.441
77,0.6,11.409194159999998,0.339,0.6499999999999999,14.219423399999997,0.39,0.7,17.31572388,0.441
78,0.0,0.0,0.441,0.015,0.4265827019999999,0.507,0.03,0.9642283559999999,0.573
79,0.03,0.7421024519999999,0.441,0.045,1.2797481059999998,0.507,0.06,1.9284567119999998,0.573
80,0.06,1.4842049039999998,0.441,0.08,2.275107744,0.507,0.1,3.2140945199999993,0.573
81,0.1,2.47367484,0.441,0.125,3.5548558499999996,0.507,0.15,4.821141779999999,0.573
82,0.15,3.71051226,0.441,0.175,4.976798189999999,0.507,0.2,6.428189039999999,0.573
83,0.2,4.94734968,0.441,0.225,6.3987405299999995,0.507,0.25,8.035236299999998,0.573
84,0.25,6.184187099999999,0.441,0.275,7.82068287,0.507,0.3,9.642283559999997,0.573
85,0.3,7.42102452,0.441,0.35,9.953596379999999,0.507,0.4,12.856378079999997,0.573
86,0.4,9.89469936,0.441,0.45,12.797481059999999,0.507,0.5,16.070472599999995,0.573
87,0.5,12.368374199999998,0.441,0.55,15.64136574,0.507,0.6,19.284567119999995,0.573
88,0.6,14.84204904,0.441,0.6499999999999999,18.485250419999996,0.507,0.7,22.498661639999995,0.573
89,0.0,0.0,0.573,0.015,0.554473374,0.659,0.03,1.2536651399999998,0.745
90,0.03,0.9642283559999999,0.573,0.045,1.663420122,0.659,0.06,2.5073302799999997,0.745
91,0.06,1.9284567119999998,0.573,0.08,2.957191328,0.659,0.1,4.1788837999999995,0.745
92,0.1,3.2140945199999993,0.573,0.125,4.620611449999999,0.659,0.15,6.268325699999999,0.745
93,0.15,4.821141779999999,0.573,0.175,6.4688560299999995,0.659,0.2,8.357767599999999,0.745
94,0.2,6.428189039999999,0.573,0.225,8.31710061,0.659,0.25,10.447209499999998,0.745
95,0.25,8.035236299999998,0.573,0.275,10.16534519,0.659,0.3,12.536651399999998,0.745
96,0.3,9.642283559999997,0.573,0.35,12.937712059999999,0.659,0.4,16.715535199999998,0.745
97,0.4,12.856378079999997,0.573,0.45,16.63420122,0.659,0.5,20.894418999999996,0.745
98,0.5,16.070472599999995,0.573,0.55,20.33069038,0.659,0.6,25.073302799999997,0.745
99,0.6,19.284567119999995,0.573,0.6499999999999999,24.027179539999995,0.659,0.7,29.252186599999998,0.745
100,0.0,0.0,0.154,0.015,0.19429966499999998,0.1775,0.03,0.44004769199999993,0.201
101,0.03,0.33715096799999994,0.154,0.045,0.5828989949999999,0.1775,0.06,0.8800953839999999,0.201
102,0.06,0.6743019359999999,0.154,0.08,1.0362648799999998,0.1775,0.1,1.46682564,0.201
103,0.1,1.1238365599999998,0.154,0.125,1.6191638749999997,0.1775,0.15,2.20023846,0.201
104,0.15,1.6857548399999998,0.154,0.175,2.2668294249999996,0.1775,0.2,2.93365128,0.201
105,0.2,2.2476731199999995,0.154,0.225,2.9144949749999998,0.1775,0.25,3.6670641,0.201
106,0.25,2.8095914,0.154,0.275,3.5621605249999995,0.1775,0.3,4.40047692,0.201
107,0.3,3.3715096799999995,0.154,0.35,4.533658849999999,0.1775,0.4,5.86730256,0.201
108,0.4,4.495346239999999,0.154,0.45,5.8289899499999995,0.1775,0.5,7.3341282,0.201
109,0.5,5.6191828,0.154,0.55,7.124321049999999,0.1775,0.6,8.80095384,0.201
110,0.6,6.743019359999999,0.154,0.6499999999999999,8.419652149999997,0.1775,0.7,10.26777948,0.201
111,0.0,0.0,0.201,0.015,0.252863226,0.231,0.03,0.5714052119999999,0.261
112,0.03,0.44004769199999993,0.201,0.045,0.758589678,0.231,0.06,1.1428104239999999,0.261
113,0.06,0.8800953839999999,0.201,0.08,1.348603872,0.231,0.1,1.9046840399999998,0.261
114,0.1,1.46682564,0.201,0.125,2.10719355,0.231,0.15,2.8570260599999995,0.261
115,0.15,2.20023846,0.201,0.175,2.9500709699999996,0.231,0.2,3.8093680799999996,0.261
116,0.2,2.93365128,0.201,0.225,3.79294839,0.231,0.25,4.7617101,0.261
117,0.25,3.6670641,0.201,0.275,4.63582581,0.231,0.3,5.714052119999999,0.261
118,0.3,4.40047692,0.201,0.35,5.900141939999999,0.231,0.4,7.618736159999999,0.261
119,0.4,5.86730256,0.201,0.45,7.58589678,0.231,0.5,9.5234202,0.261
120,0.5,7.3341282,0.201,0.55,9.27165162,0.231,0.6,11.428104239999998,0.261
121,0.6,8.80095384,0.201,0.6499999999999999,10.957406459999998,0.231,0.7,13.332788279999999,0.261
122,0.0,0.0,0.261,0.015,0.32839380000000007,0.30000000000000004,0.03,0.7421699879999999,0.339
123,0.03,0.5714052119999999,0.261,0.045,0.9851814,0.30000000000000004,0.06,1.4843399759999998,0.339
124,0.06,1.1428104239999999,0.261,0.08,1.7514336,0.30000000000000004,0.1,2.47389996,0.339
125,0.1,1.9046840399999998,0.261,0.125,2.7366150000000005,0.30000000000000004,0.15,3.7108499399999997,0.339
126,0.15,2.8570260599999995,0.261,0.175,3.831261,0.30000000000000004,0.2,4.94779992,0.339
127,0.2,3.8093680799999996,0.261,0.225,4.9259070000000005,0.30000000000000004,0.25,6.1847499,0.339
128,0.25,4.7617101,0.261,0.275,6.0205530000000005,0.30000000000000004,0.3,7.421699879999999,0.339
129,0.3,5.714052119999999,0.261,0.35,7.662522,0.30000000000000004,0.4,9.89559984,0.339
130,0.4,7.618736159999999,0.261,0.45,9.851814000000001,0.30000000000000004,0.5,12.3694998,0.339
131,0.5,9.5234202,0.261,0.55,12.041106000000001,0.30000000000000004,0.6,14.843399759999999,0.339
132,0.6,11.428104239999998,0.261,0.6499999999999999,14.230398,0.30000000000000004,0.7,17.317299719999998,0.339
133,0.0,0.0,0.339,0.015,0.42691193999999993,0.39,0.03,0.9654777719999998,0.441
134,0.03,0.7421699879999999,0.339,0.045,1.2807358199999999,0.39,0.06,1.9309555439999997,0.441
135,0.06,1.4843399759999998,0.339,0.08,2.27686368,0.39,0.1,3.21825924,0.441
136,0.1,2.47389996,0.339,0.125,3.5575995,0.39,0.15,4.82738886,0.441
137,0.15,3.7108499399999997,0.339,0.175,4.980639299999999,0.39,0.2,6.43651848,0.441
138,0.2,4.94779992,0.339,0.225,6.403679099999999,0.39,0.25,8.0456481,0.441
139,0.25,6.1847499,0.339,0.275,7.8267189,0.39,0.3,9.65477772,0.441
140,0.3,7.421699879999999,0.339,0.35,9.961278599999998,0.39,0.4,12.87303696,0.441
141,0.4,9.89559984,0.339,0.45,12.807358199999998,0.39,0.5,16.0912962,0.441
142,0.5,12.3694998,0.339,0.55,15.6534378,0.39,0.6,19.30955544,0.441
143,0.6,14.843399759999999,0.339,0.6499999999999999,18.4995174,0.39,0.7,22.52781468,0.441
144,0.0,0.0,0.441,0.015,0.554985522,0.507,0.03,1.2544643159999997,0.573
145,0.03,0.9654777719999998,0.441,0.045,1.6649565659999999,0.507,0.06,2.5089286319999995,0.573
146,0.06,1.9309555439999997,0.441,0.08,2.9599227839999998,0.507,0.1,4.181547719999999,0.573
147,0.1,3.21825924,0.441,0.125,4.62487935,0.507,0.15,6.272321579999999,0.573
148,0.15,4.82738886,0.441,0.175,6.4748310899999995,0.507,0.2,8.363095439999999,0.573
149,0.2,6.43651848,0.441,0.225,8.32478283,0.507,0.25,10.453869299999997,0.573
150,0.25,8.0456481,0.441,0.275,10.17473457,0.507,0.3,12.544643159999998,0.573
151,0.3,9.65477772,0.441,0.35,12.949662179999999,0.507,0.4,16.726190879999997,0.573
152,0.4,12.87303696,0.441,0.45,16.64956566,0.507,0.5,20.907738599999995,0.573
153,0.5,16.0912962,0.441,0.55,20.34946914,0.507,0.6,25.089286319999996,0.573
154,0.6,19.30955544,0.441,0.6499999999999999,24.049372619999996,0.507,0.7,29.270834039999993,0.573
155,0.0,0.0,0.573,0.015,0.721371714,0.659,0.03,1.6310225399999998,0.745
156,0.03,1.2544643159999997,0.573,0.045,2.164115142,0.659,0.06,3.2620450799999996,0.745
157,0.06,2.5089286319999995,0.573,0.08,3.847315808,0.659,0.1,5.4367418,0.745
158,0.1,4.181547719999999,0.573,0.125,6.011430949999999,0.659,0.15,8.1551127,0.745
159,0.15,6.272321579999999,0.573,0.175,8.41600333,0.659,0.2,10.8734836,0.745
160,0.2,8.363095439999999,0.573,0.225,10.82057571,0.659,0.25,13.591854499999998,0.745
161,0.25,10.453869299999997,0.573,0.275,13.22514809,0.659,0.3,16.3102254,0.745
162,0.3,12.544643159999998,0.573,0.35,16.83200666,0.659,0.4,21.7469672,0.745
163,0.4,16.726190879999997,0.573,0.45,21.64115142,0.659,0.5,27.183708999999997,0.745
164,0.5,20.907738599999995,0.573,0.55,26.45029618,0.659,0.6,32.6204508,0.745
165,0.6,25.089286319999996,0.573,0.6499999999999999,31.259440939999994,0.659,0.7,38.05719259999999,0.745
166,0.0,0.0,0.119,0.015,0.193976055,0.1365,0.03,0.4376895599999999,0.154
167,0.03,0.33821466,0.119,0.045,0.581928165,0.1365,0.06,0.8753791199999998,0.154
168,0.06,0.67642932,0.119,0.08,1.0345389600000001,0.1365,0.1,1.4589651999999997,0.154
169,0.1,1.1273821999999998,0.119,0.125,1.6164671250000002,0.1365,0.15,2.1884477999999996,0.154
170,0.15,1.6910733,0.119,0.175,2.263053975,0.1365,0.2,2.9179303999999995,0.154
171,0.2,2.2547643999999996,0.119,0.225,2.909640825,0.1365,0.25,3.647413,0.154
172,0.25,2.8184555,0.119,0.275,3.556227675,0.1365,0.3,4.376895599999999,0.154
173,0.3,3.3821466,0.119,0.35,4.52610795,0.1365,0.4,5.835860799999999,0.154
174,0.4,4.509528799999999,0.119,0.45,5.81928165,0.1365,0.5,7.294826,0.154
175,0.5,5.636911,0.119,0.55,7.11245535,0.1365,0.6,8.753791199999998,0.154
176,0.6,6.7642932,0.119,0.6499999999999999,8.40562905,0.1365,0.7,10.2127564,0.154
177,0.0,0.0,0.154,0.015,0.252239925,0.1775,0.03,0.57127014,0.201
178,0.03,0.4376895599999999,0.154,0.045,0.7567197749999999,0.1775,0.06,1.14254028,0.201
179,0.06,0.8753791199999998,0.154,0.08,1.3452796,0.1775,0.1,1.9042338,0.201
180,0.1,1.4589651999999997,0.154,0.125,2.1019993749999997,0.1775,0.15,2.8563506999999997,0.201
181,0.15,2.1884477999999996,0.154,0.175,2.9427991249999996,0.1775,0.2,3.8084676,0.201
182,0.2,2.9179303999999995,0.154,0.225,3.783598875,0.1775,0.25,4.7605845,0.201
183,0.25,3.647413,0.154,0.275,4.6243986249999995,0.1775,0.3,5.712701399999999,0.201
184,0.3,4.376895599999999,0.154,0.35,5.885598249999999,0.1775,0.4,7.6169352,0.201
185,0.4,5.835860799999999,0.154,0.45,7.56719775,0.1775,0.5,9.521169,0.201
186,0.5,7.294826,0.154,0.55,9.248797249999999,0.1775,0.6,11.425402799999999,0.201
187,0.6,8.753791199999998,0.154,0.6499999999999999,10.930396749999998,0.1775,0.7,13.3296366,0.201
188,0.0,0.0,0.201,0.015,0.32826717,0.231,0.03,0.74179854,0.261
189,0.03,0.57127014,0.201,0.045,0.98480151,0.231,0.06,1.48359708,0.261
190,0.06,1.14254028,0.201,0.08,1.7507582400000001,0.231,0.1,2.4726618,0.261
191,0.1,1.9042338,0.201,0.125,2.73555975,0.231,0.15,3.7089926999999996,0.261
192,0.15,2.8563506999999997,0.201,0.175,3.82978365,0.231,0.2,4.9453236,0.261
193,0.2,3.8084676,0.201,0.225,4.92400755,0.231,0.25,6.1816545000000005,0.261
194,0.25,4.7605845,0.201,0.275,6.018231450000001,0.231,0.3,7.417985399999999,0.261
195,0.3,5.712701399999999,0.201,0.35,7.6595673,0.231,0.4,9.8906472,0.261
196,0.4,7.6169352,0.201,0.45,9.8480151,0.231,0.5,12.363309000000001,0.261
197,0.5,9.521169,0.201,0.55,12.036462900000002,0.231,0.6,14.835970799999998,0.261
198,0.6,11.425402799999999,0.201,0.6499999999999999,14.224910699999999,0.231,0.7,17.3086326,0.261
199,0.0,0.0,0.261,0.015,0.42632100000000006,0.30000000000000004,0.03,0.96348546,0.339
200,0.03,0.74179854,0.261,0.045,1.278963,0.30000000000000004,0.06,1.92697092,0.339
201,0.06,1.48359708,0.261,0.08,2.273712,0.30000000000000004,0.1,3.2116181999999998,0.339
202,0.1,2.4726618,0.261,0.125,3.5526750000000007,0.30000000000000004,0.15,4.817427299999999,0.339
203,0.15,3.7089926999999996,0.261,0.175,4.973745,0.30000000000000004,0.2,6.4232363999999995,0.339
204,0.2,4.9453236,0.261,0.225,6.394815000000001,0.30000000000000004,0.25,8.0290455,0.339
205,0.25,6.1816545000000005,0.261,0.275,7.815885000000001,0.30000000000000004,0.3,9.634854599999999,0.339
206,0.3,7.417985399999999,0.261,0.35,9.94749,0.30000000000000004,0.4,12.846472799999999,0.339
207,0.4,9.8906472,0.261,0.45,12.789630000000002,0.30000000000000004,0.5,16.058091,0.339
208,0.5,12.363309000000001,0.261,0.55,15.631770000000001,0.30000000000000004,0.6,19.269709199999998,0.339
209,0.6,14.835970799999998,0.261,0.6499999999999999,18.47391,0.30000000000000004,0.7,22.481327399999998,0.339
210,0.0,0.0,0.339,0.015,0.5542172999999999,0.39,0.03,1.2533837399999999,0.441
211,0.03,0.96348546,0.339,0.045,1.6626518999999997,0.39,0.06,2.5067674799999997,0.441
212,0.06,1.92697092,0.339,0.08,2.9558256,0.39,0.1,4.1779458,0.441
213,0.1,3.2116181999999998,0.339,0.125,4.6184775,0.39,0.15,6.2669187,0.441
214,0.15,4.817427299999999,0.339,0.175,6.465868499999999,0.39,0.2,8.3558916,0.441
215,0.2,6.4232363999999995,0.339,0.225,8.3132595,0.39,0.25,10.4448645,0.441
216,0.25,8.0290455,0.339,0.275,10.160650500000001,0.39,0.3,12.5338374,0.441
217,0.3,9.634854599999999,0.339,0.35,12.931736999999998,0.39,0.4,16.7117832,0.441
218,0.4,12.846472799999999,0.339,0.45,16.626519,0.39,0.5,20.889729,0.441
219,0.5,16.058091,0.339,0.55,20.321301000000002,0.39,0.6,25.0676748,0.441
220,0.6,19.269709199999998,0.339,0.6499999999999999,24.016083,0.39,0.7,29.2456206,0.441
221,0.0,0.0,0.441,0.015,0.72048249,0.507,0.03,1.6285462199999998,0.573
222,0.03,1.2533837399999999,0.441,0.045,2.1614474699999997,0.507,0.06,3.2570924399999996,0.573
223,0.06,2.5067674799999997,0.441,0.08,3.84257328,0.507,0.1,5.428487399999999,0.573
224,0.1,4.1779458,0.441,0.125,6.00402075,0.507,0.15,8.142731099999999,0.573
225,0.15,6.2669187,0.441,0.175,8.40562905,0.507,0.2,10.856974799999998,0.573
226,0.2,8.3558916,0.441,0.225,10.80723735,0.507,0.25,13.571218499999997,0.573
227,0.25,10.4448645,0.441,0.275,13.20884565,0.507,0.3,16.285462199999998,0.573
228,0.3,12.5338374,0.441,0.35,16.8112581,0.507,0.4,21.713949599999996,0.573
229,0.4,16.7117832,0.441,0.45,21.6144747,0.507,0.5,27.142436999999994,0.573
230,0.5,20.889729,0.441,0.55,26.4176913,0.507,0.6,32.570924399999996,0.573
231,0.6,25.0676748,0.441,0.6499999999999999,31.220907899999993,0.507,0.7,37.9994118,0.573
232,0.0,0.0,0.573,0.015,0.93648513,0.659,0.03,2.1173943,0.745
233,0.03,1.6285462199999998,0.573,0.045,2.80945539,0.659,0.06,4.2347886,0.745
234,0.06,3.2570924399999996,0.573,0.08,4.99458736,0.659,0.1,7.057981,0.745
235,0.1,5.428487399999999,0.573,0.125,7.80404275,0.659,0.15,10.5869715,0.745
236,0.15,8.142731099999999,0.573,0.175,10.92565985,0.659,0.2,14.115962,0.745
237,0.2,10.856974799999998,0.573,0.225,14.04727695,0.659,0.25,17.6449525,0.745
238,0.25,13.571218499999997,0.573,0.275,17.16889405,0.659,0.3,21.173943,0.745
239,0.3,16.285462199999998,0.573,0.35,21.8513197,0.659,0.4,28.231924,0.745
240,0.4,21.713949599999996,0.573,0.45,28.0945539,0.659,0.5,35.289905,0.745
241,0.5,27.142436999999994,0.573,0.55,34.3377881,0.659,0.6,42.347886,0.745
242,0.6,32.570924399999996,0.573,0.6499999999999999,40.581022299999994,0.659,0.7,49.40586699999999,0.745
243,0.0,0.0,0.091,0.015,0.19412379,0.105,0.03,0.440013924,0.119
244,0.03,0.33648123599999996,0.091,0.045,0.58237137,0.105,0.06,0.880027848,0.119
245,0.06,0.6729624719999999,0.091,0.08,1.03532688,0.105,0.1,1.46671308,0.119
246,0.1,1.12160412,0.091,0.125,1.61769825,0.105,0.15,2.20006962,0.119
247,0.15,1.68240618,0.091,0.175,2.26477755,0.105,0.2,2.93342616,0.119
248,0.2,2.24320824,0.091,0.225,2.91185685,0.105,0.25,3.6667826999999997,0.119
249,0.25,2.8040103,0.091,0.275,3.5589361500000005,0.105,0.3,4.40013924,0.119
250,0.3,3.36481236,0.091,0.35,4.5295551,0.105,0.4,5.86685232,0.119
251,0.4,4.48641648,0.091,0.45,5.8237137,0.105,0.5,7.3335653999999995,0.119
252,0.5,5.6080206,0.091,0.55,7.117872300000001,0.105,0.6,8.80027848,0.119
253,0.6,6.72962472,0.091,0.6499999999999999,8.4120309,0.105,0.7,10.26699156,0.119
254,0.0,0.0,0.119,0.015,0.252360927,0.1365,0.03,0.5694297839999999,0.154
255,0.03,0.440013924,0.119,0.045,0.757082781,0.1365,0.06,1.1388595679999998,0.154
256,0.06,0.880027848,0.119,0.08,1.345924944,0.1365,0.1,1.8980992799999998,0.154
257,0.1,1.46671308,0.119,0.125,2.1030077250000003,0.1365,0.15,2.84714892,0.154
258,0.15,2.20006962,0.119,0.175,2.9442108150000004,0.1365,0.2,3.7961985599999997,0.154
259,0.2,2.93342616,0.119,0.225,3.785413905,0.1365,0.25,4.7452482,0.154
260,0.25,3.6667826999999997,0.119,0.275,4.626616995000001,0.1365,0.3,5.69429784,0.154
261,0.3,4.40013924,0.119,0.35,5.888421630000001,0.1365,0.4,7.592397119999999,0.154
262,0.4,5.86685232,0.119,0.45,7.57082781,0.1365,0.5,9.4904964,0.154
263,0.5,7.3335653999999995,0.119,0.55,9.253233990000002,0.1365,0.6,11.38859568,0.154
264,0.6,8.80027848,0.119,0.6499999999999999,10.93564017,0.1365,0.7,13.28669496,0.154
265,0.0,0.0,0.154,0.015,0.328161645,0.1775,0.03,0.743216796,0.201
266,0.03,0.5694297839999999,0.154,0.045,0.9844849349999999,0.1775,0.06,1.486433592,0.201
267,0.06,1.1388595679999998,0.154,0.08,1.75019544,0.1775,0.1,2.4773893200000003,0.201
268,0.1,1.8980992799999998,0.154,0.125,2.734680375,0.1775,0.15,3.71608398,0.201
269,0.15,2.84714892,0.154,0.175,3.8285525249999997,0.1775,0.2,4.954778640000001,0.201
270,0.2,3.7961985599999997,0.154,0.225,4.922424675,0.1775,0.25,6.193473300000001,0.201
271,0.25,4.7452482,0.154,0.275,6.0162968249999995,0.1775,0.3,7.43216796,0.201
272,0.3,5.69429784,0.154,0.35,7.657105049999999,0.1775,0.4,9.909557280000001,0.201
273,0.4,7.592397119999999,0.154,0.45,9.84484935,0.1775,0.5,12.386946600000002,0.201
274,0.5,9.4904964,0.154,0.55,12.032593649999999,0.1775,0.6,14.86433592,0.201
275,0.6,11.38859568,0.154,0.6499999999999999,14.220337949999998,0.1775,0.7,17.341725240000002,0.201
276,0.0,0.0,0.201,0.015,0.42707233800000005,0.231,0.03,0.9650725560000001,0.261
277,0.03,0.743216796,0.201,0.045,1.281217014,0.231,0.06,1.9301451120000002,0.261
278,0.06,1.486433592,0.201,0.08,2.277719136,0.231,0.1,3.21690852,0.261
279,0.1,2.4773893200000003,0.201,0.125,3.5589361500000005,0.231,0.15,4.82536278,0.261
280,0.15,3.71608398,0.201,0.175,4.98251061,0.231,0.2,6.43381704,0.261
281,0.2,4.954778640000001,0.201,0.225,6.4060850700000005,0.231,0.25,8.042271300000001,0.261
282,0.25,6.193473300000001,0.201,0.275,7.829659530000001,0.231,0.3,9.65072556,0.261
283,0.3,7.43216796,0.201,0.35,9.96502122,0.231,0.4,12.86763408,0.261
284,0.4,9.909557280000001,0.201,0.45,12.812170140000001,0.231,0.5,16.084542600000002,0.261
285,0.5,12.386946600000002,0.201,0.55,15.659319060000001,0.231,0.6,19.30145112,0.261
286,0.6,14.86433592,0.201,0.6499999999999999,18.50646798,0.231,0.7,22.51835964,0.261
287,0.0,0.0,0.261,0.015,0.5546394000000001,0.30000000000000004,0.03,1.253485044,0.339
288,0.03,0.9650725560000001,0.261,0.045,1.6639182000000001,0.30000000000000004,0.06,2.506970088,0.339
289,0.06,1.9301451120000002,0.261,0.08,2.9580768,0.30000000000000004,0.1,4.17828348,0.339
290,0.1,3.21690852,0.261,0.125,4.621995000000001,0.30000000000000004,0.15,6.26742522,0.339
291,0.15,4.82536278,0.261,0.175,6.4707930000000005,0.30000000000000004,0.2,8.35656696,0.339
292,0.2,6.43381704,0.261,0.225,8.319591,0.30000000000000004,0.25,10.4457087,0.339
293,0.25,8.042271300000001,0.261,0.275,10.168389000000001,0.30000000000000004,0.3,12.53485044,0.339
294,0.3,9.65072556,0.261,0.35,12.941586000000001,0.30000000000000004,0.4,16.71313392,0.339
295,0.4,12.86763408,0.261,0.45,16.639182,0.30000000000000004,0.5,20.8914174,0.339
296,0.5,16.084542600000002,0.261,0.55,20.336778000000002,0.30000000000000004,0.6,25.06970088,0.339
297,0.6,19.30145112,0.261,0.6499999999999999,24.034374,0.30000000000000004,0.7,29.24798436,0.339
298,0.0,0.0,0.339,0.015,0.72103122,0.39,0.03,1.6306398359999998,0.441
299,0.03,1.253485044,0.339,0.045,2.16309366,0.39,0.06,3.2612796719999997,0.441
300,0.06,2.506970088,0.339,0.08,3.84549984,0.39,0.1,5.43546612,0.441
301,0.1,4.17828348,0.339,0.125,6.0085935,0.39,0.15,8.15319918,0.441
302,0.15,6.26742522,0.339,0.175,8.4120309,0.39,0.2,10.87093224,0.441
303,0.2,8.35656696,0.339,0.225,10.8154683,0.39,0.25,13.588665299999999,0.441
304,0.25,10.4457087,0.339,0.275,13.218905700000002,0.39,0.3,16.30639836,0.441
305,0.3,12.53485044,0.339,0.35,16.8240618,0.39,0.4,21.74186448,0.441
306,0.4,16.71313392,0.339,0.45,21.6309366,0.39,0.5,27.177330599999998,0.441
307,0.5,20.8914174,0.339,0.55,26.437811400000005,0.39,0.6,32.61279672,0.441
308,0.6,25.06970088,0.339,0.6499999999999999,31.244686199999997,0.39,0.7,38.04826284,0.441
309,0.0,0.0,0.441,0.015,0.9373405859999999,0.507,0.03,2.118722508,0.573
310,0.03,1.6306398359999998,0.441,0.045,2.8120217579999998,0.507,0.06,4.237445016,0.573
311,0.06,3.2612796719999997,0.441,0.08,4.999149792000001,0.507,0.1,7.062408359999999,0.573
312,0.1,5.43546612,0.441,0.125,7.81117155,0.507,0.15,10.593612539999999,0.573
313,0.15,8.15319918,0.441,0.175,10.93564017,0.507,0.2,14.124816719999998,0.573
314,0.2,10.87093224,0.441,0.225,14.06010879,0.507,0.25,17.656020899999998,0.573
315,0.25,13.588665299999999,0.441,0.275,17.18457741,0.507,0.3,21.187225079999997,0.573
316,0.3,16.30639836,0.441,0.35,21.87128034,0.507,0.4,28.249633439999997,0.573
317,0.4,21.74186448,0.441,0.45,28.12021758,0.507,0.5,35.312041799999996,0.573
318,0.5,27.177330599999998,0.441,0.55,34.36915482,0.507,0.6,42.374450159999995,0.573
319,0.6,32.61279672,0.441,0.6499999999999999,40.618092059999995,0.507,0.7,49.436858519999994,0.573
320,0.0,0.0,0.573,0.015,1.218357882,0.659,0.03,2.75470902,0.745
321,0.03,2.118722508,0.573,0.045,3.655073646,0.659,0.06,5.50941804,0.745
322,0.06,4.237445016,0.573,0.08,6.497908704,0.659,0.1,9.1823634,0.745
323,0.1,7.062408359999999,0.573,0.125,10.15298235,0.659,0.15,13.7735451,0.745
324,0.15,10.593612539999999,0.573,0.175,14.214175290000002,0.659,0.2,18.3647268,0.745
325,0.2,14.124816719999998,0.573,0.225,18.27536823,0.659,0.25,22.9559085,0.745
326,0.25,17.656020899999998,0.573,0.275,22.336561170000003,0.659,0.3,27.5470902,0.745
327,0.3,21.187225079999997,0.573,0.35,28.428350580000004,0.659,0.4,36.7294536,0.745
328,0.4,28.249633439999997,0.573,0.45,36.55073646,0.659,0.5,45.911817,0.745
329,0.5,35.312041799999996,0.573,0.55,44.673122340000006,0.659,0.6,55.0941804,0.745
330,0.6,42.374450159999995,0.573,0.6499999999999999,52.795508219999995,0.659,0.7,64.2765438,0.745
331,0.0,0.0,0.745,0.015,1.584419886,0.857,0.03,3.582970524,0.969
332,0.03,2.75470902,0.745,0.045,4.753259658,0.857,0.06,7.165941048,0.969
333,0.06,5.50941804,0.745,0.08,8.450239392,0.857,0.1,11.94323508,0.969
334,0.1,9.1823634,0.745,0.125,13.20349905,0.857,0.15,17.91485262,0.969
335,0.15,13.7735451,0.745,0.175,18.48489867,0.857,0.2,23.88647016,0.969
336,0.2,18.3647268,0.745,0.225,23.76629829,0.857,0.25,29.8580877,0.969
337,0.25,22.9559085,0.745,0.275,29.047697910000004,0.857,0.3,35.82970524,0.969
338,0.3,27.5470902,0.745,0.35,36.96979734,0.857,0.4,47.77294032,0.969
339,0.4,36.7294536,0.745,0.45,47.53259658,0.857,0.5,59.7161754,0.969
340,0.5,45.911817,0.745,0.55,58.09539582000001,0.857,0.6,71.65941048,0.969
341,0.6,55.0941804,0.745,0.6499999999999999,68.65819506,0.857,0.7,83.60264556,0.969
342,0.0,0.0,0.07,0.015,0.19345405799999998,0.0805,0.03,0.437374392,0.091
343,0.03,0.33644184000000005,0.07,0.045,0.580362174,0.0805,0.06,0.874748784,0.091
344,0.06,0.6728836800000001,0.07,0.08,1.031754976,0.0805,0.1,1.45791464,0.091
345,0.1,1.1214728000000003,0.07,0.125,1.61211715,0.0805,0.15,2.18687196,0.091
346,0.15,1.6822092000000002,0.07,0.175,2.25696401,0.0805,0.2,2.91582928,0.091
347,0.2,2.2429456000000005,0.07,0.225,2.90181087,0.0805,0.25,3.6447865999999998,0.091
348,0.25,2.8036820000000002,0.07,0.275,3.5466577300000006,0.0805,0.3,4.37374392,0.091
349,0.3,3.3644184000000004,0.07,0.35,4.51392802,0.0805,0.4,5.83165856,0.091
350,0.4,4.485891200000001,0.07,0.45,5.80362174,0.0805,0.5,7.2895731999999995,0.091
351,0.5,5.6073640000000005,0.07,0.55,7.093315460000001,0.0805,0.6,8.74748784,0.091
352,0.6,6.728836800000001,0.07,0.6499999999999999,8.38300918,0.0805,0.7,10.20540248,0.091
353,0.0,0.0,0.091,0.015,0.25233138,0.105,0.03,0.571951128,0.119
354,0.03,0.437374392,0.091,0.045,0.75699414,0.105,0.06,1.143902256,0.119
355,0.06,0.874748784,0.091,0.08,1.34576736,0.105,0.1,1.9065037599999999,0.119
356,0.1,1.45791464,0.091,0.125,2.1027615,0.105,0.15,2.85975564,0.119
357,0.15,2.18687196,0.091,0.175,2.9438660999999997,0.105,0.2,3.8130075199999998,0.119
358,0.2,2.91582928,0.091,0.225,3.7849707,0.105,0.25,4.7662594,0.119
359,0.25,3.6447865999999998,0.091,0.275,4.6260753,0.105,0.3,5.71951128,0.119
360,0.3,4.37374392,0.091,0.35,5.887732199999999,0.105,0.4,7.6260150399999995,0.119
361,0.4,5.83165856,0.091,0.45,7.5699414,0.105,0.5,9.5325188,0.119
362,0.5,7.2895731999999995,0.091,0.55,9.2521506,0.105,0.6,11.43902256,0.119
363,0.6,8.74748784,0.091,0.6499999999999999,10.9343598,0.105,0.7,13.34552632,0.119
364,0.0,0.0,0.119,0.015,0.328030794,0.1365,0.03,0.7401720479999999,0.154
365,0.03,0.571951128,0.119,0.045,0.984092382,0.1365,0.06,1.4803440959999998,0.154
366,0.06,1.143902256,0.119,0.08,1.7494975680000002,0.1365,0.1,2.46724016,0.154
367,0.1,1.9065037599999999,0.119,0.125,2.7335899500000003,0.1365,0.15,3.70086024,0.154
368,0.15,2.85975564,0.119,0.175,3.8270259300000005,0.1365,0.2,4.93448032,0.154
369,0.2,3.8130075199999998,0.119,0.225,4.92046191,0.1365,0.25,6.1681004,0.154
370,0.25,4.7662594,0.119,0.275,6.013897890000001,0.1365,0.3,7.40172048,0.154
371,0.3,5.71951128,0.119,0.35,7.654051860000001,0.1365,0.4,9.86896064,0.154
372,0.4,7.6260150399999995,0.119,0.45,9.84092382,0.1365,0.5,12.3362008,0.154
373,0.5,9.5325188,0.119,0.55,12.027795780000002,0.1365,0.6,14.80344096,0.154
374,0.6,11.43902256,0.119,0.6499999999999999,14.21466774,0.1365,0.7,17.27068112,0.154
375,0.0,0.0,0.154,0.015,0.42656019,0.1775,0.03,0.966068712,0.201
376,0.03,0.7401720479999999,0.154,0.045,1.2796805699999998,0.1775,0.06,1.932137424,0.201
377,0.06,1.4803440959999998,0.154,0.08,2.27498768,0.1775,0.1,3.2202290400000004,0.201
378,0.1,2.46724016,0.154,0.125,3.5546682499999998,0.1775,0.15,4.83034356,0.201
379,0.15,3.70086024,0.154,0.175,4.9765355499999995,0.1775,0.2,6.440458080000001,0.201
380,0.2,4.93448032,0.154,0.225,6.39840285,0.1775,0.25,8.0505726,0.201
381,0.25,6.1681004,0.154,0.275,7.82027015,0.1775,0.3,9.66068712,0.201
382,0.3,7.40172048,0.154,0.35,9.953071099999999,0.1775,0.4,12.880916160000002,0.201
383,0.4,9.86896064,0.154,0.45,12.7968057,0.1775,0.5,16.1011452,0.201
384,0.5,12.3362008,0.154,0.55,15.6405403,0.1775,0.6,19.32137424,0.201
385,0.6,14.80344096,0.154,0.6499999999999999,18.4842749,0.1775,0.7,22.54160328,0.201
386,0.0,0.0,0.201,0.015,0.5551290360000001,0.231,0.03,1.254447432,0.261
387,0.03,0.966068712,0.201,0.045,1.6653871080000002,0.231,0.06,2.508894864,0.261
388,0.06,1.932137424,0.201,0.08,2.960688192,0.231,0.1,4.18149144,0.261
389,0.1,3.2202290400000004,0.201,0.125,4.6260753,0.231,0.15,6.2722371599999995,0.261
390,0.15,4.83034356,0.201,0.175,6.4765054200000005,0.231,0.2,8.36298288,0.261
391,0.2,6.440458080000001,0.201,0.225,8.326935540000001,0.231,0.25,10.453728600000002,0.261
392,0.25,8.0505726,0.201,0.275,10.177365660000001,0.231,0.3,12.544474319999999,0.261
393,0.3,9.66068712,0.201,0.35,12.953010840000001,0.231,0.4,16.72596576,0.261
394,0.4,12.880916160000002,0.201,0.45,16.653871080000002,0.231,0.5,20.907457200000003,0.261
395,0.5,16.1011452,0.201,0.55,20.354731320000003,0.231,0.6,25.088948639999998,0.261
396,0.6,19.32137424,0.201,0.6499999999999999,24.05559156,0.231,0.7,29.27044008,0.261
397,0.0,0.0,0.261,0.015,0.7209468000000002,0.30000000000000004,0.03,1.6293397680000001,0.339
398,0.03,1.254447432,0.261,0.045,2.1628404000000003,0.30000000000000004,0.06,3.2586795360000003,0.339
399,0.06,2.508894864,0.261,0.08,3.8450496000000003,0.30000000000000004,0.1,5.43113256,0.339
400,0.1,4.18149144,0.261,0.125,6.0078900000000015,0.30000000000000004,0.15,8.14669884,0.339
401,0.15,6.2722371599999995,0.261,0.175,8.411046,0.30000000000000004,0.2,10.86226512,0.339
402,0.2,8.36298288,0.261,0.225,10.814202000000002,0.30000000000000004,0.25,13.5778314,0.339
403,0.25,10.453728600000002,0.261,0.275,13.217358000000003,0.30000000000000004,0.3,16.29339768,0.339
404,0.3,12.544474319999999,0.261,0.35,16.822092,0.30000000000000004,0.4,21.72453024,0.339
405,0.4,16.72596576,0.261,0.45,21.628404000000003,0.30000000000000004,0.5,27.1556628,0.339
406,0.5,20.907457200000003,0.261,0.55,26.434716000000005,0.30000000000000004,0.6,32.58679536,0.339
407,0.6,25.088948639999998,0.261,0.6499999999999999,31.241028,0.30000000000000004,0.7,38.01792792,0.339
408,0.0,0.0,0.339,0.015,0.93723084,0.39,0.03,2.119583592,0.441
409,0.03,1.6293397680000001,0.339,0.045,2.81169252,0.39,0.06,4.239167184,0.441
410,0.06,3.2586795360000003,0.339,0.08,4.998564480000001,0.39,0.1,7.065278640000001,0.441
411,0.1,5.43113256,0.339,0.125,7.810257,0.39,0.15,10.59791796,0.441
412,0.15,8.14669884,0.339,0.175,10.9343598,0.39,0.2,14.130557280000001,0.441
413,0.2,10.86226512,0.339,0.225,14.0584626,0.39,0.25,17.6631966,0.441
414,0.25,13.5778314,0.339,0.275,17.1825654,0.39,0.3,21.19583592,0.441
415,0.3,16.29339768,0.339,0.35,21.8687196,0.39,0.4,28.261114560000003,0.441
416,0.4,21.72453024,0.339,0.45,28.1169252,0.39,0.5,35.3263932,0.441
417,0.5,27.1556628,0.339,0.55,34.3651308,0.39,0.6,42.39167184,0.441
418,0.6,32.58679536,0.339,0.6499999999999999,40.613336399999994,0.39,0.7,49.45695048,0.441
419,0.0,0.0,0.441,0.015,1.218400092,0.507,0.03,2.754016776,0.573
420,0.03,2.119583592,0.441,0.045,3.655200276,0.507,0.06,5.508033552,0.573
421,0.06,4.239167184,0.441,0.08,6.498133824000001,0.507,0.1,9.18005592,0.573
422,0.1,7.065278640000001,0.441,0.125,10.1533341,0.507,0.15,13.77008388,0.573
423,0.15,10.59791796,0.441,0.175,14.21466774,0.507,0.2,18.36011184,0.573
424,0.2,14.130557280000001,0.441,0.225,18.27600138,0.507,0.25,22.9501398,0.573
425,0.25,17.6631966,0.441,0.275,22.33733502,0.507,0.3,27.54016776,0.573
426,0.3,21.19583592,0.441,0.35,28.42933548,0.507,0.4,36.72022368,0.573
427,0.4,28.261114560000003,0.441,0.45,36.55200276,0.507,0.5,45.9002796,0.573
428,0.5,35.3263932,0.441,0.55,44.67467004,0.507,0.6,55.08033552,0.573
429,0.6,42.39167184,0.441,0.6499999999999999,52.79733732,0.507,0.7,64.26039143999999,0.573
430,0.0,0.0,0.573,0.015,1.5836798040000002,0.659,0.03,3.58070244,0.745
431,0.03,2.754016776,0.573,0.045,4.751039412,0.659,0.06,7.16140488,0.745
432,0.06,5.508033552,0.573,0.08,8.446292288,0.659,0.1,11.935674800000001,0.745
433,0.1,9.18005592,0.573,0.125,13.1973317,0.659,0.15,17.9035122,0.745
434,0.15,13.77008388,0.573,0.175,18.476264380000003,0.659,0.2,23.871349600000002,0.745
435,0.2,18.36011184,0.573,0.225,23.755197060000004,0.659,0.25,29.839187,0.745
436,0.25,22.9501398,0.573,0.275,29.03412974,0.659,0.3,35.8070244,0.745
437,0.3,27.54016776,0.573,0.35,36.95252876000001,0.659,0.4,47.742699200000004,0.745
438,0.4,36.72022368,0.573,0.45,47.51039412000001,0.659,0.5,59.678374,0.745
439,0.5,45.9002796,0.573,0.55,58.06825948,0.659,0.6,71.6140488,0.745
440,0.6,55.08033552,0.573,0.6499999999999999,68.62612483999999,0.659,0.7,83.5497236,0.745
441,0.0,0.0,0.745,0.015,2.059504692,0.857,0.03,4.657316328,0.969
442,0.03,3.58070244,0.745,0.045,6.178514076000001,0.857,0.06,9.314632656,0.969
443,0.06,7.16140488,0.745,0.08,10.984025024,0.857,0.1,15.52438776,0.969
444,0.1,11.935674800000001,0.745,0.125,17.1625391,0.857,0.15,23.28658164,0.969
445,0.15,17.9035122,0.745,0.175,24.02755474,0.857,0.2,31.04877552,0.969
446,0.2,23.871349600000002,0.745,0.225,30.892570380000002,0.857,0.25,38.8109694,0.969
447,0.25,29.839187,0.745,0.275,37.757586020000005,0.857,0.3,46.57316328,0.969
448,0.3,35.8070244,0.745,0.35,48.05510948,0.857,0.4,62.09755104,0.969
449,0.4,47.742699200000004,0.745,0.45,61.785140760000004,0.857,0.5,77.6219388,0.969
450,0.5,59.678374,0.745,0.55,75.51517204000001,0.857,0.6,93.14632656,0.969
451,0.6,71.6140488,0.745,0.6499999999999999,89.24520332,0.857,0.7,108.67071432,0.969
452,0.0,0.0,0.054,0.015,0.19365948,0.062,0.03,0.43729560000000006,0.07
453,0.03,0.33734232,0.054,0.045,0.58097844,0.062,0.06,0.8745912000000001,0.07
454,0.06,0.67468464,0.054,0.08,1.03285056,0.062,0.1,1.4576520000000002,0.07
455,0.1,1.1244744,0.054,0.125,1.613829,0.062,0.15,2.186478,0.07
456,0.15,1.6867115999999998,0.054,0.175,2.2593605999999995,0.062,0.2,2.9153040000000003,0.07
457,0.2,2.2489488,0.054,0.225,2.9048922,0.062,0.25,3.6441299999999996,0.07
458,0.25,2.8111859999999997,0.054,0.275,3.5504238000000004,0.062,0.3,4.372956,0.07
459,0.3,3.3734231999999995,0.054,0.35,4.518721199999999,0.062,0.4,5.830608000000001,0.07
460,0.4,4.4978976,0.054,0.45,5.8097844,0.062,0.5,7.288259999999999,0.07
461,0.5,5.6223719999999995,0.054,0.55,7.100847600000001,0.062,0.6,8.745912,0.07
462,0.6,6.746846399999999,0.054,0.6499999999999999,8.391910799999998,0.062,0.7,10.203564,0.07
463,0.0,0.0,0.07,0.015,0.25144497,0.0805,0.03,0.56848428,0.091
464,0.03,0.43729560000000006,0.07,0.045,0.75433491,0.0805,0.06,1.13696856,0.091
465,0.06,0.8745912000000001,0.07,0.08,1.3410398399999999,0.0805,0.1,1.8949475999999998,0.091
466,0.1,1.4576520000000002,0.07,0.125,2.09537475,0.0805,0.15,2.8424214,0.091
467,0.15,2.186478,0.07,0.175,2.93352465,0.0805,0.2,3.7898951999999997,0.091
468,0.2,2.9153040000000003,0.07,0.225,3.7716745499999997,0.0805,0.25,4.737368999999999,0.091
469,0.25,3.6441299999999996,0.07,0.275,4.6098244500000005,0.0805,0.3,5.6848428,0.091
470,0.3,4.372956,0.07,0.35,5.8670493,0.0805,0.4,7.579790399999999,0.091
471,0.4,5.830608000000001,0.07,0.45,7.5433490999999995,0.0805,0.5,9.474737999999999,0.091
472,0.5,7.288259999999999,0.07,0.55,9.219648900000001,0.0805,0.6,11.3696856,0.091
473,0.6,8.745912,0.07,0.6499999999999999,10.895948699999998,0.0805,0.7,13.264633199999999,0.091
474,0.0,0.0,0.091,0.015,0.3279717,0.105,0.03,0.74340252,0.119
475,0.03,0.56848428,0.091,0.045,0.9839150999999999,0.105,0.06,1.48680504,0.119
476,0.06,1.13696856,0.091,0.08,1.7491823999999998,0.105,0.1,2.4780083999999998,0.119
477,0.1,1.8949475999999998,0.091,0.125,2.7330975,0.105,0.15,3.7170126,0.119
478,0.15,2.8424214,0.091,0.175,3.8263364999999996,0.105,0.2,4.9560167999999996,0.119
479,0.2,3.7898951999999997,0.091,0.225,4.9195755,0.105,0.25,6.195020999999999,0.119
480,0.25,4.737368999999999,0.091,0.275,6.0128145,0.105,0.3,7.4340252,0.119
481,0.3,5.6848428,0.091,0.35,7.652672999999999,0.105,0.4,9.912033599999999,0.119
482,0.4,7.579790399999999,0.091,0.45,9.839151,0.105,0.5,12.390041999999998,0.119
483,0.5,9.474737999999999,0.091,0.55,12.025629,0.105,0.6,14.8680504,0.119
484,0.6,11.3696856,0.091,0.6499999999999999,14.212106999999998,0.105,0.7,17.346058799999998,0.119
485,0.0,0.0,0.119,0.015,0.42636321,0.1365,0.03,0.9620503199999999,0.154
486,0.03,0.74340252,0.119,0.045,1.27908963,0.1365,0.06,1.9241006399999998,0.154
487,0.06,1.48680504,0.119,0.08,2.2739371200000003,0.1365,0.1,3.2068343999999995,0.154
488,0.1,2.4780083999999998,0.119,0.125,3.5530267500000003,0.1365,0.15,4.810251599999999,0.154
489,0.15,3.7170126,0.119,0.175,4.97423745,0.1365,0.2,6.413668799999999,0.154
490,0.2,4.9560167999999996,0.119,0.225,6.39544815,0.1365,0.25,8.017085999999999,0.154
491,0.25,6.195020999999999,0.119,0.275,7.8166588500000005,0.1365,0.3,9.620503199999998,0.154
492,0.3,7.4340252,0.119,0.35,9.9484749,0.1365,0.4,12.827337599999998,0.154
493,0.4,9.912033599999999,0.119,0.45,12.7908963,0.1365,0.5,16.034171999999998,0.154
494,0.5,12.390041999999998,0.119,0.55,15.633317700000001,0.1365,0.6,19.241006399999996,0.154
495,0.6,14.8680504,0.119,0.6499999999999999,18.4757391,0.1365,0.7,22.447840799999998,0.154
496,0.0,0.0,0.154,0.015,0.5544283499999999,0.1775,0.03,1.25566308,0.201
497,0.03,0.9620503199999999,0.154,0.045,1.6632850499999998,0.1775,0.06,2.51132616,0.201
498,0.06,1.9241006399999998,0.154,0.08,2.9569512,0.1775,0.1,4.1855436,0.201
499,0.1,3.2068343999999995,0.154,0.125,4.62023625,0.1775,0.15,6.278315399999999,0.201
500,0.15,4.810251599999999,0.154,0.175,6.468330749999999,0.1775,0.2,8.3710872,0.201
501,0.2,6.413668799999999,0.154,0.225,8.31642525,0.1775,0.25,10.463859000000001,0.201
502,0.25,8.017085999999999,0.154,0.275,10.16451975,0.1775,0.3,12.556630799999999,0.201
503,0.3,9.620503199999998,0.154,0.35,12.936661499999998,0.1775,0.4,16.7421744,0.201
504,0.4,12.827337599999998,0.154,0.45,16.6328505,0.1775,0.5,20.927718000000002,0.201
505,0.5,16.034171999999998,0.154,0.55,20.3290395,0.1775,0.6,25.113261599999998,0.201
506,0.6,19.241006399999996,0.154,0.6499999999999999,24.025228499999994,0.1775,0.7,29.2988052,0.201
507,0.0,0.0,0.201,0.015,0.72153774,0.231,0.03,1.63048788,0.261
508,0.03,1.25566308,0.201,0.045,2.16461322,0.231,0.06,3.26097576,0.261
509,0.06,2.51132616,0.201,0.08,3.84820128,0.231,0.1,5.434959599999999,0.261
510,0.1,4.1855436,0.201,0.125,6.0128145,0.231,0.15,8.152439399999999,0.261
511,0.15,6.278315399999999,0.201,0.175,8.4179403,0.231,0.2,10.869919199999998,0.261
512,0.2,8.3710872,0.201,0.225,10.8230661,0.231,0.25,13.587399,0.261
513,0.25,10.463859000000001,0.201,0.275,13.2281919,0.231,0.3,16.304878799999997,0.261
514,0.3,12.556630799999999,0.201,0.35,16.8358806,0.231,0.4,21.739838399999996,0.261
515,0.4,16.7421744,0.201,0.45,21.6461322,0.231,0.5,27.174798,0.261
516,0.5,20.927718000000002,0.201,0.55,26.4563838,0.231,0.6,32.609757599999995,0.261
517,0.6,25.113261599999998,0.201,0.6499999999999999,31.2666354,0.231,0.7,38.044717199999994,0.261
518,0.0,0.0,0.261,0.015,0.9370620000000002,0.30000000000000004,0.03,2.11776012,0.339
519,0.03,1.63048788,0.261,0.045,2.811186,0.30000000000000004,0.06,4.23552024,0.339
520,0.06,3.26097576,0.261,0.08,4.997664,0.30000000000000004,0.1,7.0592004,0.339
521,0.1,5.434959599999999,0.261,0.125,7.808850000000001,0.30000000000000004,0.15,10.588800599999999,0.339
522,0.15,8.152439399999999,0.261,0.175,10.932390000000002,0.30000000000000004,0.2,14.1184008,0.339
523,0.2,10.869919199999998,0.261,0.225,14.055930000000002,0.30000000000000004,0.25,17.648001,0.339
524,0.25,13.587399,0.261,0.275,17.179470000000002,0.30000000000000004,0.3,21.177601199999998,0.339
525,0.3,16.304878799999997,0.261,0.35,21.864780000000003,0.30000000000000004,0.4,28.2368016,0.339
526,0.4,21.739838399999996,0.261,0.45,28.111860000000004,0.30000000000000004,0.5,35.296002,0.339
527,0.5,27.174798,0.261,0.55,34.358940000000004,0.30000000000000004,0.6,42.355202399999996,0.339
528,0.6,32.609757599999995,0.261,0.6499999999999999,40.60602,0.30000000000000004,0.7,49.4144028,0.339
529,0.0,0.0,0.339,0.015,1.2181806,0.39,0.03,2.75496228,0.441
530,0.03,2.11776012,0.339,0.045,3.6545417999999996,0.39,0.06,5.50992456,0.441
531,0.06,4.23552024,0.339,0.08,6.4969632,0.39,0.1,9.183207600000001,0.441
532,0.1,7.0592004,0.339,0.125,10.151505,0.39,0.15,13.774811399999999,0.441
533,0.15,10.588800599999999,0.339,0.175,14.212106999999998,0.39,0.2,18.366415200000002,0.441
534,0.2,14.1184008,0.339,0.225,18.272709,0.39,0.25,22.958018999999997,0.441
535,0.25,17.648001,0.339,0.275,22.333311000000002,0.39,0.3,27.549622799999998,0.441
536,0.3,21.177601199999998,0.339,0.35,28.424213999999996,0.39,0.4,36.732830400000005,0.441
537,0.4,28.2368016,0.339,0.45,36.545418,0.39,0.5,45.91603799999999,0.441
538,0.5,35.296002,0.339,0.55,44.666622000000004,0.39,0.6,55.099245599999996,0.441
539,0.6,42.355202399999996,0.339,0.6499999999999999,52.787825999999995,0.39,0.7,64.2824532,0.441
540,0.0,0.0,0.441,0.015,1.58363478,0.507,0.03,3.5795768399999996,0.573
541,0.03,2.75496228,0.441,0.045,4.75090434,0.507,0.06,7.159153679999999,0.573
542,0.06,5.50992456,0.441,0.08,8.44605216,0.507,0.1,11.931922799999999,0.573
543,0.1,9.183207600000001,0.441,0.125,13.196956499999999,0.507,0.15,17.897884199999996,0.573
544,0.15,13.774811399999999,0.441,0.175,18.4757391,0.507,0.2,23.863845599999998,0.573
545,0.2,18.366415200000002,0.441,0.225,23.754521699999998,0.507,0.25,29.829806999999995,0.573
546,0.25,22.958018999999997,0.441,0.275,29.0333043,0.507,0.3,35.79576839999999,0.573
547,0.3,27.549622799999998,0.441,0.35,36.9514782,0.507,0.4,47.727691199999995,0.573
548,0.4,36.732830400000005,0.441,0.45,47.509043399999996,0.507,0.5,59.65961399999999,0.573
549,0.5,45.91603799999999,0.441,0.55,58.0666086,0.507,0.6,71.59153679999999,0.573
550,0.6,55.099245599999996,0.441,0.6499999999999999,68.6241738,0.507,0.7,83.5234596,0.573
551,0.0,0.0,0.573,0.015,2.05841286,0.659,0.03,4.6540745999999995,0.745
552,0.03,3.5795768399999996,0.573,0.045,6.17523858,0.659,0.06,9.308149199999999,0.745
553,0.06,7.159153679999999,0.573,0.08,10.97820192,0.659,0.1,15.513582,0.745
554,0.1,11.931922799999999,0.573,0.125,17.1534405,0.659,0.15,23.270373,0.745
555,0.15,17.897884199999996,0.573,0.175,24.0148167,0.659,0.2,31.027164,0.745
556,0.2,23.863845599999998,0.573,0.225,30.876192900000003,0.659,0.25,38.783955,0.745
557,0.25,29.829806999999995,0.573,0.275,37.7375691,0.659,0.3,46.540746,0.745
558,0.3,35.79576839999999,0.573,0.35,48.0296334,0.659,0.4,62.054328,0.745
559,0.4,47.727691199999995,0.573,0.45,61.752385800000006,0.659,0.5,77.56791,0.745
560,0.5,59.65961399999999,0.573,0.55,75.4751382,0.659,0.6,93.081492,0.745
561,0.6,71.59153679999999,0.573,0.6499999999999999,89.19789059999998,0.659,0.7,108.595074,0.745
562,0.0,0.0,0.745,0.015,2.6768737799999998,0.857,0.03,6.0534205199999995,0.969
563,0.03,4.6540745999999995,0.745,0.045,8.03062134,0.857,0.06,12.106841039999999,0.969
564,0.06,9.308149199999999,0.745,0.08,14.276660159999999,0.857,0.1,20.178068399999997,0.969
565,0.1,15.513582,0.745,0.125,22.3072815,0.857,0.15,30.267102599999998,0.969
566,0.15,23.270373,0.745,0.175,31.230194099999995,0.857,0.2,40.356136799999994,0.969
567,0.2,31.027164,0.745,0.225,40.1531067,0.857,0.25,50.445170999999995,0.969
568,0.25,38.783955,0.745,0.275,49.076019300000006,0.857,0.3,60.534205199999995,0.969
569,0.3,46.540746,0.745,0.35,62.46038819999999,0.857,0.4,80.71227359999999,0.969
570,0.4,62.054328,0.745,0.45,80.3062134,0.857,0.5,100.89034199999999,0.969
571,0.5,77.56791,0.745,0.55,98.15203860000001,0.857,0.6,121.06841039999999,0.969
572,0.6,93.081492,0.745,0.6499999999999999,115.99786379999999,0.857,0.7,141.24647879999998,0.969
573,0.0,0.0,0.042,0.015,0.194908896,0.048,0.03,0.438545016,0.054
574,0.03,0.34109056800000004,0.042,0.045,0.584726688,0.048,0.06,0.877090032,0.054
575,0.06,0.6821811360000001,0.042,0.08,1.039514112,0.048,0.1,1.46181672,0.054
576,0.1,1.13696856,0.042,0.125,1.6242408000000002,0.048,0.15,2.1927250799999998,0.054
577,0.15,1.7054528400000002,0.042,0.175,2.27393712,0.048,0.2,2.92363344,0.054
578,0.2,2.27393712,0.042,0.225,2.92363344,0.048,0.25,3.6545418,0.054
579,0.25,2.8424214,0.042,0.275,3.5733297600000005,0.048,0.3,4.3854501599999995,0.054
580,0.3,3.4109056800000004,0.042,0.35,4.54787424,0.048,0.4,5.84726688,0.054
581,0.4,4.54787424,0.042,0.45,5.84726688,0.048,0.5,7.3090836,0.054
582,0.5,5.6848428,0.042,0.55,7.146659520000001,0.048,0.6,8.770900319999999,0.054
583,0.6,6.821811360000001,0.042,0.6499999999999999,8.446052159999999,0.048,0.7,10.23271704,0.054
584,0.0,0.0,0.054,0.015,0.251757324,0.062,0.03,0.5684842800000002,0.07
585,0.03,0.438545016,0.054,0.045,0.7552719720000001,0.062,0.06,1.1369685600000004,0.07
586,0.06,0.877090032,0.054,0.08,1.342705728,0.062,0.1,1.8949476000000003,0.07
587,0.1,1.46181672,0.054,0.125,2.0979777,0.062,0.15,2.8424214,0.07
588,0.15,2.1927250799999998,0.054,0.175,2.93716878,0.062,0.2,3.7898952000000006,0.07
589,0.2,2.92363344,0.054,0.225,3.77635986,0.062,0.25,4.737369,0.07
590,0.25,3.6545418,0.054,0.275,4.61555094,0.062,0.3,5.6848428,0.07
591,0.3,4.3854501599999995,0.054,0.35,5.87433756,0.062,0.4,7.579790400000001,0.07
592,0.4,5.84726688,0.054,0.45,7.55271972,0.062,0.5,9.474738,0.07
593,0.5,7.3090836,0.054,0.55,9.23110188,0.062,0.6,11.3696856,0.07
594,0.6,8.770900319999999,0.054,0.6499999999999999,10.909484039999999,0.062,0.7,13.264633200000002,0.07
595,0.0,0.0,0.07,0.015,0.326878461,0.0805,0.03,0.739029564,0.091
596,0.03,0.5684842800000002,0.07,0.045,0.980635383,0.0805,0.06,1.478059128,0.091
597,0.06,1.1369685600000004,0.07,0.08,1.743351792,0.0805,0.1,2.46343188,0.091
598,0.1,1.8949476000000003,0.07,0.125,2.723987175,0.0805,0.15,3.6951478200000003,0.091
599,0.15,2.8424214,0.07,0.175,3.813582045,0.0805,0.2,4.92686376,0.091
600,0.2,3.7898952000000006,0.07,0.225,4.9031769149999995,0.0805,0.25,6.1585797,0.091
601,0.25,4.737369,0.07,0.275,5.992771785000001,0.0805,0.3,7.390295640000001,0.091
602,0.3,5.6848428,0.07,0.35,7.62716409,0.0805,0.4,9.85372752,0.091
603,0.4,7.579790400000001,0.07,0.45,9.806353829999999,0.0805,0.5,12.3171594,0.091
604,0.5,9.474738,0.07,0.55,11.985543570000003,0.0805,0.6,14.780591280000001,0.091
605,0.6,11.3696856,0.07,0.6499999999999999,14.164733309999999,0.0805,0.7,17.24402316,0.091
606,0.0,0.0,0.091,0.015,0.42636321,0.105,0.03,0.966423276,0.119
607,0.03,0.739029564,0.091,0.045,1.27908963,0.105,0.06,1.932846552,0.119
608,0.06,1.478059128,0.091,0.08,2.27393712,0.105,0.1,3.22141092,0.119
609,0.1,2.46343188,0.091,0.125,3.55302675,0.105,0.15,4.83211638,0.119
610,0.15,3.6951478200000003,0.091,0.175,4.9742374499999995,0.105,0.2,6.44282184,0.119
611,0.2,4.92686376,0.091,0.225,6.39544815,0.105,0.25,8.053527299999999,0.119
612,0.25,6.1585797,0.091,0.275,7.816658850000001,0.105,0.3,9.66423276,0.119
613,0.3,7.390295640000001,0.091,0.35,9.948474899999999,0.105,0.4,12.88564368,0.119
614,0.4,9.85372752,0.091,0.45,12.7908963,0.105,0.5,16.107054599999998,0.119
615,0.5,12.3171594,0.091,0.55,15.633317700000003,0.105,0.6,19.32846552,0.119
616,0.6,14.780591280000001,0.091,0.6499999999999999,18.4757391,0.105,0.7,22.54987644,0.119
617,0.0,0.0,0.119,0.015,0.5542721730000001,0.1365,0.03,1.250665416,0.154
618,0.03,0.966423276,0.119,0.045,1.6628165190000002,0.1365,0.06,2.501330832,0.154
619,0.06,1.932846552,0.119,0.08,2.9561182560000003,0.1365,0.1,4.168884719999999,0.154
620,0.1,3.22141092,0.119,0.125,4.6189347750000005,0.1365,0.15,6.25332708,0.154
621,0.15,4.83211638,0.119,0.175,6.466508685000001,0.1365,0.2,8.337769439999999,0.154
622,0.2,6.44282184,0.119,0.225,8.314082595,0.1365,0.25,10.422211800000001,0.154
623,0.25,8.053527299999999,0.119,0.275,10.161656505000002,0.1365,0.3,12.50665416,0.154
624,0.3,9.66423276,0.119,0.35,12.933017370000002,0.1365,0.4,16.675538879999998,0.154
625,0.4,12.88564368,0.119,0.45,16.62816519,0.1365,0.5,20.844423600000002,0.154
626,0.5,16.107054599999998,0.119,0.55,20.323313010000003,0.1365,0.6,25.01330832,0.154
627,0.6,19.32846552,0.119,0.6499999999999999,24.01846083,0.1365,0.7,29.18219304,0.154
628,0.0,0.0,0.154,0.015,0.720756855,0.1775,0.03,1.632362004,0.201
629,0.03,1.250665416,0.154,0.045,2.162270565,0.1775,0.06,3.264724008,0.201
630,0.06,2.501330832,0.154,0.08,3.84403656,0.1775,0.1,5.4412066800000005,0.201
631,0.1,4.168884719999999,0.154,0.125,6.006307124999999,0.1775,0.15,8.16181002,0.201
632,0.15,6.25332708,0.154,0.175,8.408829975,0.1775,0.2,10.882413360000001,0.201
633,0.2,8.337769439999999,0.154,0.225,10.811352825,0.1775,0.25,13.603016700000001,0.201
634,0.25,10.422211800000001,0.154,0.275,13.213875675,0.1775,0.3,16.32362004,0.201
635,0.3,12.50665416,0.154,0.35,16.81765995,0.1775,0.4,21.764826720000002,0.201
636,0.4,16.675538879999998,0.154,0.45,21.62270565,0.1775,0.5,27.206033400000003,0.201
637,0.5,20.844423600000002,0.154,0.55,26.42775135,0.1775,0.6,32.64724008,0.201
638,0.6,25.01330832,0.154,0.6499999999999999,31.232797049999995,0.1775,0.7,38.088446760000004,0.201
639,0.0,0.0,0.201,0.015,0.9379990620000002,0.231,0.03,2.1196342440000002,0.261
640,0.03,1.632362004,0.201,0.045,2.8139971860000004,0.231,0.06,4.2392684880000004,0.261
641,0.06,3.264724008,0.201,0.08,5.002661664000001,0.231,0.1,7.06544748,0.261
642,0.1,5.4412066800000005,0.201,0.125,7.816658850000001,0.231,0.15,10.59817122,0.261
643,0.15,8.16181002,0.201,0.175,10.94332239,0.231,0.2,14.13089496,0.261
644,0.2,10.882413360000001,0.201,0.225,14.069985930000001,0.231,0.25,17.6636187,0.261
645,0.25,13.603016700000001,0.201,0.275,17.196649470000004,0.231,0.3,21.19634244,0.261
646,0.3,16.32362004,0.201,0.35,21.88664478,0.231,0.4,28.26178992,0.261
647,0.4,21.764826720000002,0.201,0.45,28.139971860000003,0.231,0.5,35.3272374,0.261
648,0.5,27.206033400000003,0.201,0.55,34.39329894000001,0.231,0.6,42.39268488,0.261
649,0.6,32.64724008,0.201,0.6499999999999999,40.64662602,0.231,0.7,49.45813236,0.261
650,0.0,0.0,0.261,0.015,1.2181806000000004,0.30000000000000004,0.03,2.753088156,0.339
651,0.03,2.1196342440000002,0.261,0.045,3.6545418000000005,0.30000000000000004,0.06,5.506176312,0.339
652,0.06,4.2392684880000004,0.261,0.08,6.496963200000001,0.30000000000000004,0.1,9.17696052,0.339
653,0.1,7.06544748,0.261,0.125,10.151505000000002,0.30000000000000004,0.15,13.76544078,0.339
654,0.15,10.59817122,0.261,0.175,14.212107000000003,0.30000000000000004,0.2,18.35392104,0.339
655,0.2,14.13089496,0.261,0.225,18.272709000000006,0.30000000000000004,0.25,22.9424013,0.339
656,0.25,17.6636187,0.261,0.275,22.333311000000005,0.30000000000000004,0.3,27.53088156,0.339
657,0.3,21.19634244,0.261,0.35,28.424214000000006,0.30000000000000004,0.4,36.70784208,0.339
658,0.4,28.26178992,0.261,0.45,36.54541800000001,0.30000000000000004,0.5,45.8848026,0.339
659,0.5,35.3272374,0.261,0.55,44.66662200000001,0.30000000000000004,0.6,55.06176312,0.339
660,0.6,42.39268488,0.261,0.6499999999999999,52.787826,0.30000000000000004,0.7,64.23872364,0.339
661,0.0,0.0,0.339,0.015,1.5836347800000001,0.39,0.03,3.581450964,0.441
662,0.03,2.753088156,0.339,0.045,4.75090434,0.39,0.06,7.162901928,0.441
663,0.06,5.506176312,0.339,0.08,8.44605216,0.39,0.1,11.938169880000002,0.441
664,0.1,9.17696052,0.339,0.125,13.1969565,0.39,0.15,17.907254820000002,0.441
665,0.15,13.76544078,0.339,0.175,18.4757391,0.39,0.2,23.876339760000004,0.441
666,0.2,18.35392104,0.339,0.225,23.7545217,0.39,0.25,29.8454247,0.441
667,0.25,22.9424013,0.339,0.275,29.033304300000005,0.39,0.3,35.814509640000004,0.441
668,0.3,27.53088156,0.339,0.35,36.9514782,0.39,0.4,47.75267952000001,0.441
669,0.4,36.70784208,0.339,0.45,47.5090434,0.39,0.5,59.6908494,0.441
670,0.5,45.8848026,0.339,0.55,58.06660860000001,0.39,0.6,71.62901928000001,0.441
671,0.6,55.06176312,0.339,0.6499999999999999,68.6241738,0.39,0.7,83.56718916000001,0.441
672,0.0,0.0,0.441,0.015,2.058725214,0.507,0.03,4.653449892,0.573
673,0.03,3.581450964,0.441,0.045,6.176175642,0.507,0.06,9.306899784,0.573
674,0.06,7.162901928,0.441,0.08,10.979867808000002,0.507,0.1,15.51149964,0.573
675,0.1,11.938169880000002,0.441,0.125,17.156043450000002,0.507,0.15,23.26724946,0.573
676,0.15,17.907254820000002,0.441,0.175,24.01846083,0.507,0.2,31.02299928,0.573
677,0.2,23.876339760000004,0.441,0.225,30.880878210000002,0.507,0.25,38.7787491,0.573
678,0.25,29.8454247,0.441,0.275,37.74329559,0.507,0.3,46.53449892,0.573
679,0.3,35.814509640000004,0.441,0.35,48.03692166,0.507,0.4,62.04599856,0.573
680,0.4,47.75267952000001,0.441,0.45,61.761756420000005,0.507,0.5,77.5574982,0.573
681,0.5,59.6908494,0.441,0.55,75.48659118,0.507,0.6,93.06899784,0.573
682,0.6,71.62901928000001,0.441,0.6499999999999999,89.21142594,0.507,0.7,108.58049747999999,0.573
683,0.0,0.0,0.573,0.015,2.675936718,0.659,0.03,6.05029698,0.745
684,0.03,4.653449892,0.573,0.045,8.027810154,0.659,0.06,12.10059396,0.745
685,0.06,9.306899784,0.573,0.08,14.271662496000001,0.659,0.1,20.1676566,0.745
686,0.1,15.51149964,0.573,0.125,22.299472650000002,0.659,0.15,30.2514849,0.745
687,0.15,23.26724946,0.573,0.175,31.219261710000005,0.659,0.2,40.3353132,0.745
688,0.2,31.02299928,0.573,0.225,40.139050770000004,0.659,0.25,50.4191415,0.745
689,0.25,38.7787491,0.573,0.275,49.058839830000004,0.659,0.3,60.5029698,0.745
690,0.3,46.53449892,0.573,0.35,62.43852342000001,0.659,0.4,80.6706264,0.745
691,0.4,62.04599856,0.573,0.45,80.27810154000001,0.659,0.5,100.838283,0.745
692,0.5,77.5574982,0.573,0.55,98.11767966000001,0.659,0.6,121.0059396,0.745
693,0.6,93.06899784,0.573,0.6499999999999999,115.95725777999999,0.659,0.7,141.1735962,0.745
694,0.0,0.0,0.745,0.015,3.479935914,0.857,0.03,7.869446676000001,0.969
695,0.03,6.05029698,0.745,0.045,10.439807742000001,0.857,0.06,15.738893352000002,0.969
696,0.06,12.10059396,0.745,0.08,18.559658208000002,0.857,0.1,26.23148892,0.969
697,0.1,20.1676566,0.745,0.125,28.99946595,0.857,0.15,39.34723338,0.969
698,0.15,30.2514849,0.745,0.175,40.59925233,0.857,0.2,52.46297784,0.969
699,0.2,40.3353132,0.745,0.225,52.19903871,0.857,0.25,65.5787223,0.969
700,0.25,50.4191415,0.745,0.275,63.79882509000001,0.857,0.3,78.69446676,0.969
701,0.3,60.5029698,0.745,0.35,81.19850466,0.857,0.4,104.92595568,0.969
702,0.4,80.6706264,0.745,0.45,104.39807742,0.857,0.5,131.1574446,0.969
703,0.5,100.838283,0.745,0.55,127.59765018000002,0.857,0.6,157.38893352,0.969
704,0.6,121.0059396,0.745,0.6499999999999999,150.79722293999998,0.857,0.7,183.62042244,0.969
