,Unnamed: 0,x,index,data,name,stat,syst,A,xsec,Obs,projectile
2,2.0,0.076,3.0,0.962,1.0,0.028,0.023,10.0,,F2,0
3,3.0,0.149,4.0,1.03,2.0,0.056,0.072,10.0,,F2,0
4,4.0,0.028,5.0,1.196,3.0,0.053,0.238,10.0,,F2,0
5,5.0,0.076,6.0,1.358,4.0,0.054,0.022,10.0,,F2,0
6,6.0,0.149,7.0,0.972,5.0,0.069,0.03,10.0,,F2,0
7,7.0,0.248,8.0,0.92,6.0,0.071,0.085,10.0,,F2,0
8,8.0,0.347,9.0,1.161,7.0,0.07,0.16,10.0,,F2,0
9,9.0,0.028,10.0,1.231,8.0,0.089,0.214,10.0,,F2,0
10,10.0,0.076,11.0,1.307,9.0,0.071,0.018,10.0,,F2,0
11,11.0,0.149,12.0,1.044,10.0,0.068,0.022,10.0,,F2,0
12,12.0,0.248,13.0,0.866,11.0,0.062,0.045,10.0,,F2,0
13,13.0,0.347,14.0,0.739,12.0,0.072,0.079,10.0,,F2,0
14,14.0,0.447,15.0,1.446,13.0,0.081,0.104,10.0,,F2,0
15,15.0,0.028,16.0,1.419,14.0,0.085,0.114,10.0,,F2,0
16,16.0,0.076,17.0,1.305,15.0,0.079,0.013,10.0,,F2,0
17,17.0,0.149,18.0,1.142,16.0,0.058,0.018,10.0,,F2,0
18,18.0,0.248,19.0,0.786,17.0,0.045,0.023,10.0,,F2,0
19,19.0,0.347,20.0,0.523,18.0,0.05,0.032,10.0,,F2,0
20,20.0,0.447,21.0,0.309,19.0,0.05,0.041,10.0,,F2,0
21,21.0,0.545,22.0,0.172,20.0,0.046,0.048,10.0,,F2,0
22,22.0,0.649,23.0,1.427,21.0,0.046,0.045,10.0,,F2,0
23,23.0,0.028,24.0,1.451,22.0,0.044,0.034,10.0,,F2,0
24,24.0,0.076,25.0,1.479,23.0,0.108,0.014,10.0,,F2,0
25,25.0,0.149,26.0,1.2,24.0,0.063,0.016,10.0,,F2,0
26,26.0,0.248,27.0,0.852,25.0,0.043,0.015,10.0,,F2,0
27,27.0,0.347,28.0,0.549,26.0,0.043,0.009,10.0,,F2,0
28,28.0,0.447,29.0,0.279,27.0,0.041,0.008,10.0,,F2,0
29,29.0,0.545,30.0,0.148,28.0,0.039,0.015,10.0,,F2,0
30,30.0,0.649,31.0,1.433,29.0,0.03,0.016,10.0,,F2,0
31,31.0,0.028,32.0,1.6,30.0,0.029,0.013,10.0,,F2,0
32,32.0,0.076,33.0,1.389,31.0,0.174,0.021,10.0,,F2,0
33,33.0,0.149,34.0,1.085,32.0,0.086,0.015,10.0,,F2,0
34,34.0,0.248,35.0,0.837,33.0,0.044,0.016,10.0,,F2,0
35,35.0,0.347,36.0,0.465,34.0,0.038,0.015,10.0,,F2,0
36,36.0,0.447,37.0,0.267,35.0,0.035,0.013,10.0,,F2,0
37,37.0,0.545,38.0,0.127,36.0,0.027,0.012,10.0,,F2,0
38,38.0,0.649,39.0,1.626,37.0,0.024,0.011,10.0,,F2,0
39,39.0,0.076,40.0,1.412,38.0,0.019,0.008,10.0,,F2,0
40,40.0,0.149,41.0,1.071,39.0,0.127,0.014,10.0,,F2,0
41,41.0,0.248,42.0,0.674,40.0,0.058,0.019,10.0,,F2,0
42,42.0,0.347,43.0,0.42,41.0,0.042,0.023,10.0,,F2,0
43,43.0,0.447,44.0,0.246,42.0,0.031,0.021,10.0,,F2,0
44,44.0,0.545,45.0,0.122,43.0,0.025,0.017,10.0,,F2,0
45,45.0,0.649,46.0,1.391,44.0,0.02,0.013,10.0,,F2,0
46,46.0,0.149,47.0,1.039,45.0,0.014,0.008,10.0,,F2,0
47,47.0,0.248,48.0,0.763,46.0,0.083,0.023,10.0,,F2,0
48,48.0,0.347,49.0,0.435,47.0,0.054,0.028,10.0,,F2,0
49,49.0,0.447,50.0,0.193,48.0,0.041,0.025,10.0,,F2,0
50,50.0,0.545,51.0,0.094,49.0,0.028,0.02,10.0,,F2,0
51,51.0,0.649,52.0,1.502,50.0,0.018,0.015,10.0,,F2,0
52,52.0,0.149,53.0,0.994,51.0,0.013,0.008,10.0,,F2,0
53,53.0,0.248,54.0,0.748,52.0,0.218,0.026,10.0,,F2,0
54,54.0,0.347,55.0,0.401,53.0,0.081,0.032,10.0,,F2,0
55,55.0,0.447,56.0,0.202,54.0,0.054,0.028,10.0,,F2,0
56,56.0,0.545,57.0,0.072,55.0,0.036,0.021,10.0,,F2,0
8,8.0,0.347,9.0,0.313,7.0,0.0,0.0,10.0,,F3,0
9,9.0,0.028,10.0,0.529,8.0,0.0,0.0,10.0,,F3,0
14,14.0,0.447,15.0,0.498,13.0,0.0,0.0,10.0,,F3,0
15,15.0,0.028,16.0,0.659,14.0,0.0,0.0,10.0,,F3,0
16,16.0,0.076,17.0,0.769,15.0,0.11,0.005,10.0,,F3,0
17,17.0,0.149,18.0,0.75,16.0,0.127,0.008,10.0,,F3,0
22,22.0,0.649,23.0,0.374,21.0,0.0,0.0,10.0,,F3,0
23,23.0,0.028,24.0,0.547,22.0,0.0,0.0,10.0,,F3,0
24,24.0,0.076,25.0,1.023,23.0,0.123,0.006,10.0,,F3,0
25,25.0,0.149,26.0,1.001,24.0,0.1,0.008,10.0,,F3,0
26,26.0,0.248,27.0,0.773,25.0,0.096,0.01,10.0,,F3,0
27,27.0,0.347,28.0,0.537,26.0,0.137,0.016,10.0,,F3,0
30,30.0,0.649,31.0,0.512,29.0,0.0,0.0,10.0,,F3,0
31,31.0,0.028,32.0,0.661,30.0,0.0,0.0,10.0,,F3,0
32,32.0,0.076,33.0,0.767,31.0,0.17,0.006,10.0,,F3,0
33,33.0,0.149,34.0,0.86,32.0,0.114,0.007,10.0,,F3,0
34,34.0,0.248,35.0,0.699,33.0,0.071,0.011,10.0,,F3,0
35,35.0,0.347,36.0,0.298,34.0,0.076,0.018,10.0,,F3,0
36,36.0,0.447,37.0,0.257,35.0,0.086,0.022,10.0,,F3,0
38,38.0,0.649,39.0,0.715,37.0,0.082,0.018,10.0,,F3,0
39,39.0,0.076,40.0,0.851,38.0,0.0,0.0,10.0,,F3,0
40,40.0,0.149,41.0,0.812,39.0,0.143,0.007,10.0,,F3,0
41,41.0,0.248,42.0,0.585,40.0,0.078,0.012,10.0,,F3,0
42,42.0,0.347,43.0,0.384,41.0,0.064,0.02,10.0,,F3,0
43,43.0,0.447,44.0,0.207,42.0,0.053,0.023,10.0,,F3,0
44,44.0,0.545,45.0,0.087,43.0,0.047,0.021,10.0,,F3,0
45,45.0,0.649,46.0,0.883,44.0,0.042,0.017,10.0,,F3,0
46,46.0,0.149,47.0,0.829,45.0,0.034,0.01,10.0,,F3,0
47,47.0,0.248,48.0,0.682,46.0,0.095,0.014,10.0,,F3,0
48,48.0,0.347,49.0,0.365,47.0,0.071,0.022,10.0,,F3,0
49,49.0,0.447,50.0,0.176,48.0,0.057,0.025,10.0,,F3,0
50,50.0,0.545,51.0,0.093,49.0,0.043,0.021,10.0,,F3,0
51,51.0,0.649,52.0,0.941,50.0,0.029,0.016,10.0,,F3,0
52,52.0,0.149,53.0,0.691,51.0,0.022,0.009,10.0,,F3,0
53,53.0,0.248,54.0,0.684,52.0,0.218,0.016,10.0,,F3,0
54,54.0,0.347,55.0,0.405,53.0,0.09,0.024,10.0,,F3,0
55,55.0,0.447,56.0,0.206,54.0,0.066,0.026,10.0,,F3,0
56,56.0,0.545,57.0,0.078,55.0,0.047,0.021,10.0,,F3,0
2,2.0,0.015,3.0,1.5166,1.0,0.0358,0.0380618,26.0,,F2,0
3,3.0,0.015,4.0,1.446,2.0,0.0434,0.0389701,26.0,,F2,0
4,4.0,0.015,5.0,1.1808,3.0,0.0615,0.0470146,26.0,,F2,0
5,5.0,0.045,6.0,1.3722,4.0,0.0985,0.044826,26.0,,F2,0
6,6.0,0.045,7.0,1.3618,5.0,0.0405,0.0366048,26.0,,F2,0
7,7.0,0.045,8.0,1.4457,6.0,0.036,0.0425382,26.0,,F2,0
8,8.0,0.045,9.0,1.6003,7.0,0.0347,0.0422158,26.0,,F2,0
9,9.0,0.045,10.0,1.5402,8.0,0.0422,0.0448167,26.0,,F2,0
10,10.0,0.045,11.0,1.3805,9.0,0.062,0.0496093,26.0,,F2,0
11,11.0,0.08,12.0,1.4177,10.0,0.0928,0.0477462,26.0,,F2,0
12,12.0,0.08,13.0,1.4244,11.0,0.0386,0.04279550000000001,26.0,,F2,0
13,13.0,0.08,14.0,1.5256,12.0,0.0327,0.0439487,26.0,,F2,0
14,14.0,0.08,15.0,1.5654,13.0,0.0305,0.044156400000000005,26.0,,F2,0
15,15.0,0.08,16.0,1.5362,14.0,0.0351,0.047293600000000005,26.0,,F2,0
16,16.0,0.08,17.0,1.2806,15.0,0.0512,0.0485274,26.0,,F2,0
17,17.0,0.125,18.0,1.2774,16.0,0.069,0.0476222,26.0,,F2,0
18,18.0,0.125,19.0,1.3363,17.0,0.0344,0.0396986,26.0,,F2,0
19,19.0,0.125,20.0,1.3185,18.0,0.0289,0.03959940000000001,26.0,,F2,0
20,20.0,0.125,21.0,1.4574,19.0,0.0271,0.0414253,26.0,,F2,0
21,21.0,0.125,22.0,1.3788,20.0,0.0315,0.0408735,26.0,,F2,0
22,22.0,0.125,23.0,1.1841,21.0,0.0453,0.0451794,26.0,,F2,0
23,23.0,0.175,24.0,1.1059,22.0,0.0564,0.0427428,26.0,,F2,0
24,24.0,0.175,25.0,1.1721,23.0,0.0313,0.0367071,26.0,,F2,0
25,25.0,0.175,26.0,1.1914,24.0,0.0269,0.034282900000000005,26.0,,F2,0
26,26.0,0.175,27.0,1.1407,25.0,0.0268,0.036335099999999995,26.0,,F2,0
27,27.0,0.175,28.0,1.1604,26.0,0.0333,0.0369334,26.0,,F2,0
28,28.0,0.175,29.0,1.1012,27.0,0.0426,0.0353617,26.0,,F2,0
29,29.0,0.225,30.0,1.042,28.0,0.059,0.0359724,26.0,,F2,0
30,30.0,0.225,31.0,1.0172,29.0,0.0353,0.0341372,26.0,,F2,0
31,31.0,0.225,32.0,0.9968,30.0,0.028,0.032302000000000004,26.0,,F2,0
32,32.0,0.225,33.0,1.0525,31.0,0.0253,0.031533200000000004,26.0,,F2,0
33,33.0,0.225,34.0,0.9719,32.0,0.0275,0.0309008,26.0,,F2,0
34,34.0,0.225,35.0,0.8922,33.0,0.0368,0.032627500000000004,26.0,,F2,0
35,35.0,0.275,36.0,0.853,34.0,0.0401,0.0301289,26.0,,F2,0
36,36.0,0.275,37.0,0.906,35.0,0.0282,0.0276582,26.0,,F2,0
37,37.0,0.275,38.0,0.881,36.0,0.0245,0.026442999999999998,26.0,,F2,0
38,38.0,0.275,39.0,0.7723,37.0,0.0246,0.028086000000000003,26.0,,F2,0
39,39.0,0.275,40.0,0.7853,38.0,0.0303,0.027311000000000002,26.0,,F2,0
40,40.0,0.275,41.0,0.6887,39.0,0.0346,0.023941300000000002,26.0,,F2,0
41,41.0,0.35,42.0,0.6593,40.0,0.048,0.0243443,26.0,,F2,0
42,42.0,0.35,43.0,0.6415,41.0,0.0209,0.0213497,26.0,,F2,0
43,43.0,0.35,44.0,0.6519,42.0,0.0167,0.020438300000000003,26.0,,F2,0
44,44.0,0.35,45.0,0.6019,43.0,0.0155,0.0198865,26.0,,F2,0
45,45.0,0.35,46.0,0.6018,44.0,0.0171,0.020208900000000002,26.0,,F2,0
46,46.0,0.35,47.0,0.4308,45.0,0.0212,0.0186589,26.0,,F2,0
47,47.0,0.45,48.0,0.4206,46.0,0.0219,0.0186558,26.0,,F2,0
48,48.0,0.45,49.0,0.3942,47.0,0.0157,0.0133548,26.0,,F2,0
49,49.0,0.45,50.0,0.3488,48.0,0.0136,0.013038600000000001,26.0,,F2,0
50,50.0,0.45,51.0,0.3319,49.0,0.0135,0.0122202,26.0,,F2,0
51,51.0,0.45,52.0,0.2884,50.0,0.016,0.010812800000000001,26.0,,F2,0
52,52.0,0.45,53.0,0.2571,51.0,0.0166,0.010288899999999998,26.0,,F2,0
53,53.0,0.55,54.0,0.2515,52.0,0.021,0.0089404,26.0,,F2,0
54,54.0,0.55,55.0,0.2058,53.0,0.014,0.0079701,26.0,,F2,0
55,55.0,0.55,56.0,0.1893,54.0,0.0112,0.0077965000000000005,26.0,,F2,0
56,56.0,0.55,57.0,0.2015,55.0,0.0107,0.0063798000000000014,26.0,,F2,0
57,57.0,0.55,58.0,0.1414,56.0,0.0114,0.0058683,26.0,,F2,0
58,58.0,0.55,59.0,0.1446,57.0,0.0132,0.0062465,26.0,,F2,0
59,59.0,0.65,60.0,0.1213,58.0,0.0131,0.0043834,26.0,,F2,0
60,60.0,0.65,61.0,0.1164,59.0,0.0127,0.004482600000000001,26.0,,F2,0
61,61.0,0.65,62.0,0.092,60.0,0.0081,0.0037603000000000003,26.0,,F2,0
62,62.0,0.65,63.0,0.0824,61.0,0.0075,0.0036084,26.0,,F2,0
63,63.0,0.65,64.0,0.0758,62.0,0.0077,0.002852,26.0,,F2,0
64,64.0,0.65,65.0,1.2278,63.0,0.0086,0.0025544,26.0,,F2,0
65,65.0,0.015,66.0,1.2571,64.0,0.0084,0.0023498000000000004,26.0,,F2,0
66,66.0,0.015,67.0,1.5166,65.0,0.0358,0.0,26.0,,F2,0
67,67.0,0.015,68.0,1.446,66.0,0.0434,0.0,26.0,,F2,0
68,68.0,0.015,69.0,1.1808,67.0,0.0615,0.0,26.0,,F2,0
69,69.0,0.045,70.0,1.3722,68.0,0.0985,0.0,26.0,,F2,0
70,70.0,0.045,71.0,1.3618,69.0,0.0405,0.0,26.0,,F2,0
71,71.0,0.045,72.0,1.4457,70.0,0.036,0.0,26.0,,F2,0
72,72.0,0.045,73.0,1.6003,71.0,0.0347,0.0,26.0,,F2,0
73,73.0,0.045,74.0,1.5402,72.0,0.0422,0.0,26.0,,F2,0
74,74.0,0.045,75.0,1.3805,73.0,0.062,0.0,26.0,,F2,0
75,75.0,0.08,76.0,1.4177,74.0,0.0928,0.0,26.0,,F2,0
76,76.0,0.08,77.0,1.4244,75.0,0.0386,0.0,26.0,,F2,0
77,77.0,0.08,78.0,1.5256,76.0,0.0327,0.0,26.0,,F2,0
78,78.0,0.08,79.0,1.5654,77.0,0.0305,0.0,26.0,,F2,0
79,79.0,0.08,80.0,1.5362,78.0,0.0351,0.0,26.0,,F2,0
80,80.0,0.08,81.0,1.2806,79.0,0.0512,0.0,26.0,,F2,0
81,81.0,0.125,82.0,1.2774,80.0,0.069,0.0,26.0,,F2,0
82,82.0,0.125,83.0,1.3363,81.0,0.0344,0.0,26.0,,F2,0
83,83.0,0.125,84.0,1.3185,82.0,0.0289,0.0,26.0,,F2,0
84,84.0,0.125,85.0,1.4574,83.0,0.0271,0.0,26.0,,F2,0
85,85.0,0.125,86.0,1.3788,84.0,0.0315,0.0,26.0,,F2,0
86,86.0,0.125,87.0,1.1841,85.0,0.0453,0.0,26.0,,F2,0
87,87.0,0.175,88.0,1.1059,86.0,0.0564,0.0,26.0,,F2,0
88,88.0,0.175,89.0,1.1721,87.0,0.0313,0.0,26.0,,F2,0
89,89.0,0.175,90.0,1.1914,88.0,0.0269,0.0,26.0,,F2,0
90,90.0,0.175,91.0,1.1407,89.0,0.0268,0.0,26.0,,F2,0
91,91.0,0.175,92.0,1.1604,90.0,0.0333,0.0,26.0,,F2,0
92,92.0,0.175,93.0,1.1012,91.0,0.0426,0.0,26.0,,F2,0
93,93.0,0.225,94.0,1.042,92.0,0.059,0.0,26.0,,F2,0
94,94.0,0.225,95.0,1.0172,93.0,0.0353,0.0,26.0,,F2,0
95,95.0,0.225,96.0,0.9968,94.0,0.028,0.0,26.0,,F2,0
96,96.0,0.225,97.0,1.0525,95.0,0.0253,0.0,26.0,,F2,0
97,97.0,0.225,98.0,0.9719,96.0,0.0275,0.0,26.0,,F2,0
98,98.0,0.225,99.0,0.8922,97.0,0.0368,0.0,26.0,,F2,0
99,99.0,0.275,100.0,0.853,98.0,0.0401,0.0,26.0,,F2,0
100,100.0,0.275,101.0,0.906,99.0,0.0282,0.0,26.0,,F2,0
101,101.0,0.275,102.0,0.881,100.0,0.0245,0.0,26.0,,F2,0
102,102.0,0.275,103.0,0.7723,101.0,0.0246,0.0,26.0,,F2,0
103,103.0,0.275,104.0,0.7853,102.0,0.0303,0.0,26.0,,F2,0
104,104.0,0.275,105.0,0.6887,103.0,0.0346,0.0,26.0,,F2,0
105,105.0,0.35,106.0,0.6593,104.0,0.048,0.0,26.0,,F2,0
106,106.0,0.35,107.0,0.6415,105.0,0.0209,0.0,26.0,,F2,0
107,107.0,0.35,108.0,0.6519,106.0,0.0167,0.0,26.0,,F2,0
108,108.0,0.35,109.0,0.6019,107.0,0.0155,0.0,26.0,,F2,0
109,109.0,0.35,110.0,0.6018,108.0,0.0171,0.0,26.0,,F2,0
110,110.0,0.35,111.0,0.4308,109.0,0.0212,0.0,26.0,,F2,0
111,111.0,0.45,112.0,0.4206,110.0,0.0219,0.0,26.0,,F2,0
112,112.0,0.45,113.0,0.3942,111.0,0.0157,0.0,26.0,,F2,0
113,113.0,0.45,114.0,0.3488,112.0,0.0136,0.0,26.0,,F2,0
114,114.0,0.45,115.0,0.3319,113.0,0.0135,0.0,26.0,,F2,0
115,115.0,0.45,116.0,0.2884,114.0,0.016,0.0,26.0,,F2,0
116,116.0,0.45,117.0,0.2571,115.0,0.0166,0.0,26.0,,F2,0
117,117.0,0.55,118.0,0.2515,116.0,0.021,0.0,26.0,,F2,0
118,118.0,0.55,119.0,0.2058,117.0,0.014,0.0,26.0,,F2,0
119,119.0,0.55,120.0,0.1893,118.0,0.0112,0.0,26.0,,F2,0
120,120.0,0.55,121.0,0.2015,119.0,0.0107,0.0,26.0,,F2,0
121,121.0,0.55,122.0,0.1414,120.0,0.0114,0.0,26.0,,F2,0
122,122.0,0.55,123.0,0.1446,121.0,0.0132,0.0,26.0,,F2,0
123,123.0,0.65,124.0,0.1213,122.0,0.0131,0.0,26.0,,F2,0
124,124.0,0.65,125.0,0.1164,123.0,0.0127,0.0,26.0,,F2,0
125,125.0,0.65,126.0,0.092,124.0,0.0081,0.0,26.0,,F2,0
126,126.0,0.65,127.0,0.0824,125.0,0.0075,0.0,26.0,,F2,0
127,127.0,0.65,128.0,0.0758,126.0,0.0077,0.0,26.0,,F2,0
2,2.0,0.015,3.0,0.2361,1.0,0.0456,0.008081699999999999,26.0,,F3,0
3,3.0,0.015,4.0,0.2954,2.0,0.0564,0.009492200000000001,26.0,,F3,0
4,4.0,0.015,5.0,0.6817,3.0,0.0681,0.0073191,26.0,,F3,0
5,5.0,0.045,6.0,0.6191,4.0,0.0865,0.0091574,26.0,,F3,0
6,6.0,0.045,7.0,0.5812,5.0,0.1469,0.0211327,26.0,,F3,0
7,7.0,0.045,8.0,0.5493,6.0,0.0792,0.0191921,26.0,,F3,0
8,8.0,0.045,9.0,0.7399,7.0,0.0501,0.0180172,26.0,,F3,0
9,9.0,0.045,10.0,0.6497,8.0,0.0554,0.0170283,26.0,,F3,0
10,10.0,0.045,11.0,0.7043,9.0,0.0797,0.022936900000000003,26.0,,F3,0
11,11.0,0.08,12.0,0.7671,10.0,0.0902,0.0201407,26.0,,F3,0
12,12.0,0.08,13.0,0.6416,11.0,0.1589,0.021833300000000003,26.0,,F3,0
13,13.0,0.08,14.0,0.7038,12.0,0.0818,0.023780100000000002,26.0,,F3,0
14,14.0,0.08,15.0,0.7736,13.0,0.0483,0.019889599999999997,26.0,,F3,0
15,15.0,0.08,16.0,0.7226,14.0,0.0447,0.0218178,26.0,,F3,0
16,16.0,0.08,17.0,0.6479,15.0,0.07,0.0239816,26.0,,F3,0
17,17.0,0.125,18.0,0.8022,16.0,0.0721,0.022400600000000003,26.0,,F3,0
18,18.0,0.125,19.0,0.8675,17.0,0.1397,0.020084900000000003,26.0,,F3,0
19,19.0,0.125,20.0,0.8833,18.0,0.0712,0.024868200000000003,26.0,,F3,0
20,20.0,0.125,21.0,0.7477,19.0,0.0424,0.026892500000000003,26.0,,F3,0
21,21.0,0.125,22.0,0.8543,20.0,0.0412,0.027382300000000002,26.0,,F3,0
22,22.0,0.125,23.0,0.6474,21.0,0.0626,0.0231787,26.0,,F3,0
23,23.0,0.175,24.0,0.8935,22.0,0.0596,0.0264833,26.0,,F3,0
24,24.0,0.175,25.0,0.8743,23.0,0.1111,0.0200694,26.0,,F3,0
25,25.0,0.175,26.0,0.7912,24.0,0.0583,0.0276985,26.0,,F3,0
26,26.0,0.175,27.0,0.7872,25.0,0.0402,0.0271033,26.0,,F3,0
27,27.0,0.175,28.0,0.8152,26.0,0.0469,0.024527200000000002,26.0,,F3,0
28,28.0,0.175,29.0,0.5914,27.0,0.0561,0.024403200000000003,26.0,,F3,0
29,29.0,0.225,30.0,0.8203,28.0,0.0607,0.0252712,26.0,,F3,0
30,30.0,0.225,31.0,0.8276,29.0,0.1642,0.018333400000000003,26.0,,F3,0
31,31.0,0.225,32.0,0.8127,30.0,0.0792,0.025429300000000002,26.0,,F3,0
32,32.0,0.225,33.0,0.9035,31.0,0.0454,0.0256556,26.0,,F3,0
33,33.0,0.225,34.0,0.7945,32.0,0.0392,0.0251937,26.0,,F3,0
34,34.0,0.225,35.0,0.822,33.0,0.0548,0.028008500000000002,26.0,,F3,0
35,35.0,0.275,36.0,0.7666,34.0,0.0463,0.024629500000000002,26.0,,F3,0
36,36.0,0.275,37.0,0.7839,35.0,0.0994,0.025482,26.0,,F3,0
37,37.0,0.275,38.0,0.7432,36.0,0.0534,0.023764599999999997,26.0,,F3,0
38,38.0,0.275,39.0,0.7593,37.0,0.0377,0.024300900000000004,26.0,,F3,0
39,39.0,0.275,40.0,0.6137,38.0,0.0458,0.023039200000000003,26.0,,F3,0
40,40.0,0.275,41.0,0.6838,39.0,0.0459,0.023538299999999998,26.0,,F3,0
41,41.0,0.35,42.0,0.6378,40.0,0.051,0.019024700000000002,26.0,,F3,0
42,42.0,0.35,43.0,0.5701,41.0,0.0956,0.0211978,26.0,,F3,0
43,43.0,0.35,44.0,0.586,42.0,0.0466,0.019771800000000003,26.0,,F3,0
44,44.0,0.35,45.0,0.5045,43.0,0.0283,0.0176731,26.0,,F3,0
45,45.0,0.35,46.0,0.532,44.0,0.0268,0.018166,26.0,,F3,0
46,46.0,0.35,47.0,0.4721,45.0,0.033,0.0156395,26.0,,F3,0
47,47.0,0.45,48.0,0.3237,46.0,0.0256,0.016492000000000003,26.0,,F3,0
48,48.0,0.45,49.0,0.3949,47.0,0.0574,0.014635100000000002,26.0,,F3,0
49,49.0,0.45,50.0,0.4001,48.0,0.0314,0.0100347,26.0,,F3,0
50,50.0,0.45,51.0,0.3501,49.0,0.0228,0.012241899999999998,26.0,,F3,0
51,51.0,0.45,52.0,0.297,50.0,0.0268,0.0124031,26.0,,F3,0
52,52.0,0.45,53.0,0.2836,51.0,0.023,0.0108531,26.0,,F3,0
53,53.0,0.55,54.0,0.2162,52.0,0.0233,0.009207,26.0,,F3,0
54,54.0,0.55,55.0,0.2296,53.0,0.0632,0.0087916,26.0,,F3,0
55,55.0,0.55,56.0,0.1746,54.0,0.0314,0.0067022,26.0,,F3,0
56,56.0,0.55,57.0,0.1637,55.0,0.021,0.007117600000000001,26.0,,F3,0
57,57.0,0.55,58.0,0.1516,56.0,0.0201,0.005412600000000001,26.0,,F3,0
58,58.0,0.55,59.0,0.204,57.0,0.0216,0.0050747000000000006,26.0,,F3,0
59,59.0,0.65,60.0,0.1384,58.0,0.0157,0.004699600000000001,26.0,,F3,0
60,60.0,0.65,61.0,0.1081,59.0,0.069,0.006324,26.0,,F3,0
61,61.0,0.65,62.0,0.0719,60.0,0.0272,0.0042904,26.0,,F3,0
62,62.0,0.65,63.0,0.0464,61.0,0.0167,0.0033511,26.0,,F3,0
63,63.0,0.65,64.0,0.0725,62.0,0.0143,0.0022289000000000002,26.0,,F3,0
64,64.0,0.65,65.0,0.2607,63.0,0.0155,0.0014384,26.0,,F3,0
65,65.0,0.015,66.0,0.3062,64.0,0.0112,0.0022475,26.0,,F3,0
66,66.0,0.015,67.0,0.2361,65.0,0.0456,0.0,26.0,,F3,0
67,67.0,0.015,68.0,0.2954,66.0,0.0564,0.0,26.0,,F3,0
68,68.0,0.015,69.0,0.6817,67.0,0.0681,0.0,26.0,,F3,0
69,69.0,0.045,70.0,0.6191,68.0,0.0865,0.0,26.0,,F3,0
70,70.0,0.045,71.0,0.5812,69.0,0.1469,0.0,26.0,,F3,0
71,71.0,0.045,72.0,0.5493,70.0,0.0792,0.0,26.0,,F3,0
72,72.0,0.045,73.0,0.7399,71.0,0.0501,0.0,26.0,,F3,0
73,73.0,0.045,74.0,0.6497,72.0,0.0554,0.0,26.0,,F3,0
74,74.0,0.045,75.0,0.7043,73.0,0.0797,0.0,26.0,,F3,0
75,75.0,0.08,76.0,0.7671,74.0,0.0902,0.0,26.0,,F3,0
76,76.0,0.08,77.0,0.6416,75.0,0.1589,0.0,26.0,,F3,0
77,77.0,0.08,78.0,0.7038,76.0,0.0818,0.0,26.0,,F3,0
78,78.0,0.08,79.0,0.7736,77.0,0.0483,0.0,26.0,,F3,0
79,79.0,0.08,80.0,0.7226,78.0,0.0447,0.0,26.0,,F3,0
80,80.0,0.08,81.0,0.6479,79.0,0.07,0.0,26.0,,F3,0
81,81.0,0.125,82.0,0.8022,80.0,0.0721,0.0,26.0,,F3,0
82,82.0,0.125,83.0,0.8675,81.0,0.1397,0.0,26.0,,F3,0
83,83.0,0.125,84.0,0.8833,82.0,0.0712,0.0,26.0,,F3,0
84,84.0,0.125,85.0,0.7477,83.0,0.0424,0.0,26.0,,F3,0
85,85.0,0.125,86.0,0.8543,84.0,0.0412,0.0,26.0,,F3,0
86,86.0,0.125,87.0,0.6474,85.0,0.0626,0.0,26.0,,F3,0
87,87.0,0.175,88.0,0.8935,86.0,0.0596,0.0,26.0,,F3,0
88,88.0,0.175,89.0,0.8743,87.0,0.1111,0.0,26.0,,F3,0
89,89.0,0.175,90.0,0.7912,88.0,0.0583,0.0,26.0,,F3,0
90,90.0,0.175,91.0,0.7872,89.0,0.0402,0.0,26.0,,F3,0
91,91.0,0.175,92.0,0.8152,90.0,0.0469,0.0,26.0,,F3,0
92,92.0,0.175,93.0,0.5914,91.0,0.0561,0.0,26.0,,F3,0
93,93.0,0.225,94.0,0.8203,92.0,0.0607,0.0,26.0,,F3,0
94,94.0,0.225,95.0,0.8276,93.0,0.1642,0.0,26.0,,F3,0
95,95.0,0.225,96.0,0.8127,94.0,0.0792,0.0,26.0,,F3,0
96,96.0,0.225,97.0,0.9035,95.0,0.0454,0.0,26.0,,F3,0
97,97.0,0.225,98.0,0.7945,96.0,0.0392,0.0,26.0,,F3,0
98,98.0,0.225,99.0,0.822,97.0,0.0548,0.0,26.0,,F3,0
99,99.0,0.275,100.0,0.7666,98.0,0.0463,0.0,26.0,,F3,0
100,100.0,0.275,101.0,0.7839,99.0,0.0994,0.0,26.0,,F3,0
101,101.0,0.275,102.0,0.7432,100.0,0.0534,0.0,26.0,,F3,0
102,102.0,0.275,103.0,0.7593,101.0,0.0377,0.0,26.0,,F3,0
103,103.0,0.275,104.0,0.6137,102.0,0.0458,0.0,26.0,,F3,0
104,104.0,0.275,105.0,0.6838,103.0,0.0459,0.0,26.0,,F3,0
105,105.0,0.35,106.0,0.6378,104.0,0.051,0.0,26.0,,F3,0
106,106.0,0.35,107.0,0.5701,105.0,0.0956,0.0,26.0,,F3,0
107,107.0,0.35,108.0,0.586,106.0,0.0466,0.0,26.0,,F3,0
108,108.0,0.35,109.0,0.5045,107.0,0.0283,0.0,26.0,,F3,0
109,109.0,0.35,110.0,0.532,108.0,0.0268,0.0,26.0,,F3,0
110,110.0,0.35,111.0,0.4721,109.0,0.033,0.0,26.0,,F3,0
111,111.0,0.45,112.0,0.3237,110.0,0.0256,0.0,26.0,,F3,0
112,112.0,0.45,113.0,0.3949,111.0,0.0574,0.0,26.0,,F3,0
113,113.0,0.45,114.0,0.4001,112.0,0.0314,0.0,26.0,,F3,0
114,114.0,0.45,115.0,0.3501,113.0,0.0228,0.0,26.0,,F3,0
115,115.0,0.45,116.0,0.297,114.0,0.0268,0.0,26.0,,F3,0
116,116.0,0.45,117.0,0.2836,115.0,0.023,0.0,26.0,,F3,0
117,117.0,0.55,118.0,0.2162,116.0,0.0233,0.0,26.0,,F3,0
118,118.0,0.55,119.0,0.2296,117.0,0.0632,0.0,26.0,,F3,0
119,119.0,0.55,120.0,0.1746,118.0,0.0314,0.0,26.0,,F3,0
120,120.0,0.55,121.0,0.1637,119.0,0.021,0.0,26.0,,F3,0
121,121.0,0.55,122.0,0.1516,120.0,0.0201,0.0,26.0,,F3,0
122,122.0,0.55,123.0,0.204,121.0,0.0216,0.0,26.0,,F3,0
123,123.0,0.65,124.0,0.1384,122.0,0.0157,0.0,26.0,,F3,0
124,124.0,0.65,125.0,0.1081,123.0,0.069,0.0,26.0,,F3,0
125,125.0,0.65,126.0,0.0719,124.0,0.0272,0.0,26.0,,F3,0
126,126.0,0.65,127.0,0.0464,125.0,0.0167,0.0,26.0,,F3,0
127,127.0,0.65,128.0,0.0725,126.0,0.0143,0.0,26.0,,F3,0
2,2.0,0.015,3.0,0.785,1.0,0.051,0.0,,,F2,0
3,3.0,0.015,4.0,0.77,2.0,0.045,0.0,,,F2,0
4,4.0,0.015,5.0,0.792,3.0,0.049,0.0,,,F2,0
5,5.0,0.015,6.0,0.856,4.0,0.049,0.0,,,F2,0
6,6.0,0.015,7.0,1.057,5.0,0.06,0.0,,,F2,0
7,7.0,0.015,8.0,1.439,6.0,0.072,0.0,,,F2,0
16,16.0,0.015,17.0,0.588,15.0,0.0,0.0,,,F2,0
17,17.0,0.045,18.0,0.781,16.0,0.0,0.0,,,F2,0
18,18.0,0.045,19.0,0.868,17.0,0.146,0.0,,,F2,0
19,19.0,0.045,20.0,0.949,18.0,0.114,0.0,,,F2,0
20,20.0,0.045,21.0,1.08,19.0,0.079,0.0,,,F2,0
21,21.0,0.045,22.0,1.233,20.0,0.07,0.0,,,F2,0
22,22.0,0.045,23.0,1.381,21.0,0.069,0.0,,,F2,0
23,23.0,0.045,24.0,1.394,22.0,0.065,0.0,,,F2,0
24,24.0,0.045,25.0,1.601,23.0,0.083,0.0,,,F2,0
25,25.0,0.045,26.0,1.579,24.0,0.099,0.0,,,F2,0
26,26.0,0.045,27.0,1.297,25.0,0.117,0.0,,,F2,0
27,27.0,0.045,28.0,1.0,26.0,0.155,0.0,,,F2,0
33,33.0,0.08,34.0,0.834,32.0,0.0,0.0,,,F2,0
34,34.0,0.08,35.0,0.854,33.0,0.0,0.0,,,F2,0
35,35.0,0.08,36.0,1.004,34.0,0.227,0.0,,,F2,0
36,36.0,0.08,37.0,1.183,35.0,0.168,0.0,,,F2,0
37,37.0,0.08,38.0,1.345,36.0,0.125,0.0,,,F2,0
38,38.0,0.08,39.0,1.357,37.0,0.084,0.0,,,F2,0
39,39.0,0.08,40.0,1.338,38.0,0.081,0.0,,,F2,0
40,40.0,0.08,41.0,1.349,39.0,0.067,0.0,,,F2,0
41,41.0,0.08,42.0,1.319,40.0,0.087,0.0,,,F2,0
42,42.0,0.08,43.0,1.378,41.0,0.088,0.0,,,F2,0
43,43.0,0.08,44.0,1.599,42.0,0.105,0.0,,,F2,0
44,44.0,0.08,45.0,1.376,43.0,0.132,0.0,,,F2,0
51,51.0,0.125,52.0,1.09,50.0,0.0,0.0,,,F2,0
52,52.0,0.125,53.0,1.205,51.0,0.0,0.0,,,F2,0
53,53.0,0.125,54.0,1.229,52.0,0.2,0.0,,,F2,0
54,54.0,0.125,55.0,1.142,53.0,0.148,0.0,,,F2,0
55,55.0,0.125,56.0,1.056,54.0,0.094,0.0,,,F2,0
56,56.0,0.125,57.0,1.108,55.0,0.08,0.0,,,F2,0
57,57.0,0.125,58.0,1.171,56.0,0.065,0.0,,,F2,0
58,58.0,0.125,59.0,1.259,57.0,0.08,0.0,,,F2,0
59,59.0,0.125,60.0,1.331,58.0,0.082,0.0,,,F2,0
60,60.0,0.125,61.0,1.125,59.0,0.101,0.0,,,F2,0
67,67.0,0.175,68.0,1.005,66.0,0.0,0.0,,,F2,0
68,68.0,0.175,69.0,1.073,67.0,0.0,0.0,,,F2,0
69,69.0,0.175,70.0,1.095,68.0,0.16,0.0,,,F2,0
70,70.0,0.175,71.0,1.15,69.0,0.114,0.0,,,F2,0
71,71.0,0.175,72.0,1.131,70.0,0.079,0.0,,,F2,0
72,72.0,0.175,73.0,1.125,71.0,0.059,0.0,,,F2,0
73,73.0,0.175,74.0,1.167,72.0,0.055,0.0,,,F2,0
74,74.0,0.175,75.0,1.122,73.0,0.044,0.0,,,F2,0
75,75.0,0.175,76.0,1.201,74.0,0.058,0.0,,,F2,0
76,76.0,0.175,77.0,1.045,75.0,0.065,0.0,,,F2,0
77,77.0,0.175,78.0,0.992,76.0,0.076,0.0,,,F2,0
83,83.0,0.25,84.0,0.821,82.0,0.0,0.0,,,F2,0
84,84.0,0.25,85.0,0.765,83.0,0.0,0.0,,,F2,0
85,85.0,0.25,86.0,0.791,84.0,0.181,0.0,,,F2,0
86,86.0,0.25,87.0,0.88,85.0,0.14,0.0,,,F2,0
87,87.0,0.25,88.0,0.966,86.0,0.114,0.0,,,F2,0
88,88.0,0.25,89.0,1.01,87.0,0.077,0.0,,,F2,0
89,89.0,0.25,90.0,0.943,88.0,0.054,0.0,,,F2,0
90,90.0,0.25,91.0,0.912,89.0,0.05,0.0,,,F2,0
91,91.0,0.25,92.0,0.871,90.0,0.042,0.0,,,F2,0
92,92.0,0.25,93.0,0.891,91.0,0.047,0.0,,,F2,0
93,93.0,0.25,94.0,0.931,92.0,0.055,0.0,,,F2,0
94,94.0,0.25,95.0,0.841,93.0,0.067,0.0,,,F2,0
101,101.0,0.35,102.0,0.607,100.0,0.0,0.0,,,F2,0
102,102.0,0.35,103.0,0.659,101.0,0.0,0.0,,,F2,0
103,103.0,0.35,104.0,0.669,102.0,0.117,0.0,,,F2,0
104,104.0,0.35,105.0,0.648,103.0,0.088,0.0,,,F2,0
105,105.0,0.35,106.0,0.617,104.0,0.055,0.0,,,F2,0
106,106.0,0.35,107.0,0.55,105.0,0.04,0.0,,,F2,0
107,107.0,0.35,108.0,0.55,106.0,0.038,0.0,,,F2,0
108,108.0,0.35,109.0,0.54,107.0,0.032,0.0,,,F2,0
109,109.0,0.35,110.0,0.579,108.0,0.037,0.0,,,F2,0
110,110.0,0.35,111.0,0.548,109.0,0.047,0.0,,,F2,0
111,111.0,0.35,112.0,0.427,110.0,0.051,0.0,,,F2,0
118,118.0,0.45,119.0,0.05,117.0,0.0,0.0,,,F2,0
119,119.0,0.45,120.0,0.568,118.0,0.0,0.0,,,F2,0
120,120.0,0.45,121.0,0.476,119.0,0.0,0.0,,,F2,0
121,121.0,0.45,122.0,0.4,120.0,0.036,0.0,,,F2,0
122,122.0,0.45,123.0,0.373,121.0,0.021,0.0,,,F2,0
123,123.0,0.45,124.0,0.363,122.0,0.02,0.0,,,F2,0
124,124.0,0.45,125.0,0.344,123.0,0.016,0.0,,,F2,0
125,125.0,0.45,126.0,0.311,124.0,0.018,0.0,,,F2,0
126,126.0,0.45,127.0,0.296,125.0,0.017,0.0,,,F2,0
127,127.0,0.45,128.0,0.229,126.0,0.021,0.0,,,F2,0
136,136.0,0.55,137.0,0.356,135.0,0.0,0.0,,,F2,0
137,137.0,0.55,138.0,0.271,136.0,0.0,0.0,,,F2,0
138,138.0,0.55,139.0,0.228,137.0,0.019,0.0,,,F2,0
139,139.0,0.55,140.0,0.215,138.0,0.014,0.0,,,F2,0
140,140.0,0.55,141.0,0.229,139.0,0.014,0.0,,,F2,0
141,141.0,0.55,142.0,0.199,140.0,0.012,0.0,,,F2,0
142,142.0,0.55,143.0,0.147,141.0,0.015,0.0,,,F2,0
143,143.0,0.55,144.0,0.139,142.0,0.017,0.0,,,F2,0
152,152.0,0.8,153.0,0.075,151.0,0.0,0.0,,,F2,0
153,153.0,0.8,154.0,0.05,152.0,0.0,0.0,,,F2,0
154,154.0,0.8,155.0,0.036,153.0,0.008,0.0,,,F2,0
155,155.0,0.8,156.0,0.049,154.0,0.005,0.0,,,F2,0
156,156.0,0.8,157.0,0.035,155.0,0.004,0.0,,,F2,0
157,157.0,0.8,158.0,0.034,156.0,0.006,0.0,,,F2,0
158,158.0,0.8,159.0,0.023,157.0,0.004,0.0,,,F2,0
159,159.0,0.8,160.0,0.016,158.0,0.004,0.0,,,F2,0
2,2.0,0.015,3.0,0.153,1.0,0.0,0.0,,,F3,0
3,3.0,0.015,4.0,0.158,2.0,0.0,0.0,,,F3,0
4,4.0,0.015,5.0,0.208,3.0,0.078,0.0,,,F3,0
5,5.0,0.015,6.0,0.242,4.0,0.066,0.0,,,F3,0
6,6.0,0.015,7.0,0.321,5.0,0.073,0.0,,,F3,0
7,7.0,0.015,8.0,0.348,6.0,0.08,0.0,,,F3,0
20,20.0,0.045,21.0,0.447,19.0,0.0,0.0,,,F3,0
21,21.0,0.045,22.0,0.551,20.0,0.0,0.0,,,F3,0
22,22.0,0.045,23.0,0.629,21.0,0.119,0.0,,,F3,0
23,23.0,0.045,24.0,0.571,22.0,0.095,0.0,,,F3,0
24,24.0,0.045,25.0,0.721,23.0,0.11,0.0,,,F3,0
25,25.0,0.045,26.0,1.047,24.0,0.122,0.0,,,F3,0
26,26.0,0.045,27.0,0.814,25.0,0.138,0.0,,,F3,0
36,36.0,0.08,37.0,0.723,35.0,0.0,0.0,,,F3,0
37,37.0,0.08,38.0,0.705,36.0,0.0,0.0,,,F3,0
38,38.0,0.08,39.0,0.73,37.0,0.211,0.0,,,F3,0
39,39.0,0.08,40.0,0.76,38.0,0.154,0.0,,,F3,0
40,40.0,0.08,41.0,0.668,39.0,0.105,0.0,,,F3,0
41,41.0,0.08,42.0,0.601,40.0,0.119,0.0,,,F3,0
42,42.0,0.08,43.0,0.766,41.0,0.112,0.0,,,F3,0
43,43.0,0.08,44.0,0.865,42.0,0.127,0.0,,,F3,0
44,44.0,0.08,45.0,0.946,43.0,0.149,0.0,,,F3,0
53,53.0,0.125,54.0,0.571,52.0,0.0,0.0,,,F3,0
54,54.0,0.125,55.0,0.584,53.0,0.0,0.0,,,F3,0
55,55.0,0.125,56.0,0.566,54.0,0.245,0.0,,,F3,0
56,56.0,0.125,57.0,0.646,55.0,0.156,0.0,,,F3,0
57,57.0,0.125,58.0,0.749,56.0,0.102,0.0,,,F3,0
58,58.0,0.125,59.0,0.896,57.0,0.11,0.0,,,F3,0
59,59.0,0.125,60.0,0.913,58.0,0.104,0.0,,,F3,0
60,60.0,0.125,61.0,1.021,59.0,0.123,0.0,,,F3,0
61,61.0,0.125,62.0,0.832,60.0,0.14,0.0,,,F3,0
70,70.0,0.175,71.0,0.703,69.0,0.0,0.0,,,F3,0
71,71.0,0.175,72.0,0.747,70.0,0.0,0.0,,,F3,0
72,72.0,0.175,73.0,0.771,71.0,0.145,0.0,,,F3,0
73,73.0,0.175,74.0,0.835,72.0,0.103,0.0,,,F3,0
74,74.0,0.175,75.0,0.785,73.0,0.067,0.0,,,F3,0
75,75.0,0.175,76.0,0.913,74.0,0.079,0.0,,,F3,0
76,76.0,0.175,77.0,0.916,75.0,0.082,0.0,,,F3,0
77,77.0,0.175,78.0,0.852,76.0,0.092,0.0,,,F3,0
87,87.0,0.25,88.0,0.739,86.0,0.0,0.0,,,F3,0
88,88.0,0.25,89.0,0.785,87.0,0.0,0.0,,,F3,0
89,89.0,0.25,90.0,0.752,88.0,0.128,0.0,,,F3,0
90,90.0,0.25,91.0,0.74,89.0,0.092,0.0,,,F3,0
91,91.0,0.25,92.0,0.639,90.0,0.063,0.0,,,F3,0
92,92.0,0.25,93.0,0.766,91.0,0.063,0.0,,,F3,0
93,93.0,0.25,94.0,0.746,92.0,0.069,0.0,,,F3,0
94,94.0,0.25,95.0,0.693,93.0,0.08,0.0,,,F3,0
102,102.0,0.35,103.0,-0.676,101.0,0.0,0.0,,,F3,0
104,104.0,0.35,105.0,0.526,103.0,0.0,0.0,,,F3,0
105,105.0,0.35,106.0,0.525,104.0,0.0,0.0,,,F3,0
106,106.0,0.35,107.0,0.45,105.0,0.09,0.0,,,F3,0
107,107.0,0.35,108.0,0.473,106.0,0.068,0.0,,,F3,0
108,108.0,0.35,109.0,0.507,107.0,0.046,0.0,,,F3,0
109,109.0,0.35,110.0,0.542,108.0,0.048,0.0,,,F3,0
110,110.0,0.35,111.0,0.514,109.0,0.058,0.0,,,F3,0
111,111.0,0.35,112.0,0.453,110.0,0.06,0.0,,,F3,0
120,120.0,0.45,121.0,0.364,119.0,0.0,0.0,,,F3,0
121,121.0,0.45,122.0,0.33,120.0,0.0,0.0,,,F3,0
122,122.0,0.45,123.0,0.313,121.0,0.059,0.0,,,F3,0
123,123.0,0.45,124.0,0.306,122.0,0.039,0.0,,,F3,0
124,124.0,0.45,125.0,0.305,123.0,0.026,0.0,,,F3,0
125,125.0,0.45,126.0,0.286,124.0,0.025,0.0,,,F3,0
126,126.0,0.45,127.0,0.266,125.0,0.022,0.0,,,F3,0
127,127.0,0.45,128.0,0.226,126.0,0.025,0.0,,,F3,0
136,136.0,0.55,137.0,0.331,135.0,0.0,0.0,,,F3,0
137,137.0,0.55,138.0,0.232,136.0,0.0,0.0,,,F3,0
138,138.0,0.55,139.0,0.189,137.0,0.062,0.0,,,F3,0
139,139.0,0.55,140.0,0.179,138.0,0.032,0.0,,,F3,0
140,140.0,0.55,141.0,0.198,139.0,0.026,0.0,,,F3,0
141,141.0,0.55,142.0,0.162,140.0,0.017,0.0,,,F3,0
142,142.0,0.55,143.0,0.117,141.0,0.02,0.0,,,F3,0
143,143.0,0.55,144.0,0.117,142.0,0.021,0.0,,,F3,0
152,152.0,0.8,153.0,0.079,151.0,0.0,0.0,,,F3,0
153,153.0,0.8,154.0,0.042,152.0,0.0,0.0,,,F3,0
154,154.0,0.8,155.0,0.029,153.0,0.035,0.0,,,F3,0
155,155.0,0.8,156.0,0.048,154.0,0.014,0.0,,,F3,0
156,156.0,0.8,157.0,0.032,155.0,0.009,0.0,,,F3,0
157,157.0,0.8,158.0,0.028,156.0,0.01,0.0,,,F3,0
158,158.0,0.8,159.0,0.015,157.0,0.006,0.0,,,F3,0
159,159.0,0.8,160.0,0.011,158.0,0.005,0.0,,,F3,0
2,2.0,0.015,3.0,1.471,1.0,0.0097,0.0641,26.0,XSNUTEVNU,F2,0
3,3.0,0.015,4.0,1.5734,2.0,0.0119,0.09060000000000001,26.0,XSNUTEVNU,F2,0
4,4.0,0.015,5.0,1.6595,3.0,0.0152,0.1345,26.0,XSNUTEVNU,F2,0
5,5.0,0.015,6.0,1.0961,4.0,0.022,0.20579999999999998,26.0,XSNUTEVNU,F2,0
6,6.0,0.045,7.0,1.2266,5.0,0.0696,0.3483,26.0,XSNUTEVNU,F2,0
7,7.0,0.045,8.0,1.3472,6.0,0.0101,0.025500000000000002,26.0,XSNUTEVNU,F2,0
8,8.0,0.045,9.0,1.4701,7.0,0.0095,0.0401,26.0,XSNUTEVNU,F2,0
9,9.0,0.045,10.0,1.5155,8.0,0.0099,0.0507,26.0,XSNUTEVNU,F2,0
10,10.0,0.045,11.0,1.5576,9.0,0.0113,0.07440000000000001,26.0,XSNUTEVNU,F2,0
11,11.0,0.045,12.0,1.6926,10.0,0.0137,0.0964,26.0,XSNUTEVNU,F2,0
12,12.0,0.045,13.0,1.0743,11.0,0.0181,0.13260000000000002,26.0,XSNUTEVNU,F2,0
13,13.0,0.08,14.0,1.2174,12.0,0.0445,0.19749999999999998,26.0,XSNUTEVNU,F2,0
14,14.0,0.08,15.0,1.3034,13.0,0.0292,0.0701,26.0,XSNUTEVNU,F2,0
15,15.0,0.08,16.0,1.3591,14.0,0.0094,0.029999999999999995,26.0,XSNUTEVNU,F2,0
16,16.0,0.08,17.0,1.3801,15.0,0.0093,0.03509999999999999,26.0,XSNUTEVNU,F2,0
17,17.0,0.08,18.0,1.4311,16.0,0.009,0.0581,26.0,XSNUTEVNU,F2,0
18,18.0,0.08,19.0,1.428,17.0,0.0092,0.07899999999999999,26.0,XSNUTEVNU,F2,0
19,19.0,0.08,20.0,1.5211,18.0,0.0116,0.09760000000000002,26.0,XSNUTEVNU,F2,0
20,20.0,0.08,21.0,1.1506,19.0,0.0139,0.1134,26.0,XSNUTEVNU,F2,0
21,21.0,0.125,22.0,1.2353,20.0,0.0259,0.16720000000000002,26.0,XSNUTEVNU,F2,0
22,22.0,0.125,23.0,1.2542,21.0,0.0286,0.0388,26.0,XSNUTEVNU,F2,0
23,23.0,0.125,24.0,1.2603,22.0,0.0088,0.0276,26.0,XSNUTEVNU,F2,0
24,24.0,0.125,25.0,1.2902,23.0,0.0084,0.04,26.0,XSNUTEVNU,F2,0
25,25.0,0.125,26.0,1.2703,24.0,0.0076,0.050199999999999995,26.0,XSNUTEVNU,F2,0
26,26.0,0.125,27.0,1.2622,25.0,0.0085,0.061700000000000005,26.0,XSNUTEVNU,F2,0
27,27.0,0.125,28.0,1.3366,26.0,0.0102,0.066,26.0,XSNUTEVNU,F2,0
28,28.0,0.125,29.0,1.1247,27.0,0.0118,0.0847,26.0,XSNUTEVNU,F2,0
29,29.0,0.175,30.0,1.1164,28.0,0.0241,0.1512,26.0,XSNUTEVNU,F2,0
30,30.0,0.175,31.0,1.1446,29.0,0.0166,0.0346,26.0,XSNUTEVNU,F2,0
31,31.0,0.175,32.0,1.1388,30.0,0.0088,0.035,26.0,XSNUTEVNU,F2,0
32,32.0,0.175,33.0,1.1141,31.0,0.0074,0.022199999999999998,26.0,XSNUTEVNU,F2,0
33,33.0,0.175,34.0,1.0991,32.0,0.008,0.0284,26.0,XSNUTEVNU,F2,0
34,34.0,0.175,35.0,1.0531,33.0,0.0082,0.046799999999999994,26.0,XSNUTEVNU,F2,0
35,35.0,0.175,36.0,1.0332,34.0,0.0102,0.054900000000000004,26.0,XSNUTEVNU,F2,0
36,36.0,0.225,37.0,1.0227,35.0,0.0119,0.07369999999999999,26.0,XSNUTEVNU,F2,0
37,37.0,0.225,38.0,0.9921,36.0,0.0104,0.011000000000000001,26.0,XSNUTEVNU,F2,0
38,38.0,0.225,39.0,0.9835,37.0,0.0081,0.0165,26.0,XSNUTEVNU,F2,0
39,39.0,0.225,40.0,0.9391,38.0,0.0071,0.0202,26.0,XSNUTEVNU,F2,0
40,40.0,0.225,41.0,0.8998,39.0,0.0078,0.023200000000000002,26.0,XSNUTEVNU,F2,0
41,41.0,0.225,42.0,0.8855,40.0,0.0086,0.029300000000000003,26.0,XSNUTEVNU,F2,0
42,42.0,0.225,43.0,0.9057,41.0,0.0097,0.0395,26.0,XSNUTEVNU,F2,0
43,43.0,0.275,44.0,0.8827,42.0,0.0158,0.0752,26.0,XSNUTEVNU,F2,0
44,44.0,0.275,45.0,0.8731,43.0,0.0159,0.0308,26.0,XSNUTEVNU,F2,0
45,45.0,0.275,46.0,0.8369,44.0,0.0078,0.011099999999999999,26.0,XSNUTEVNU,F2,0
46,46.0,0.275,47.0,0.8185,45.0,0.0073,0.0137,26.0,XSNUTEVNU,F2,0
47,47.0,0.275,48.0,0.7581,46.0,0.0073,0.0119,26.0,XSNUTEVNU,F2,0
48,48.0,0.275,49.0,0.7413,47.0,0.0077,0.0162,26.0,XSNUTEVNU,F2,0
49,49.0,0.275,50.0,0.6904,48.0,0.0094,0.009899999999999999,26.0,XSNUTEVNU,F2,0
50,50.0,0.35,51.0,0.671,49.0,0.0115,0.035500000000000004,26.0,XSNUTEVNU,F2,0
51,51.0,0.35,52.0,0.6312,50.0,0.0064,0.0223,26.0,XSNUTEVNU,F2,0
52,52.0,0.35,53.0,0.592,51.0,0.0048,0.0202,26.0,XSNUTEVNU,F2,0
53,53.0,0.35,54.0,0.5617,52.0,0.0046,0.0179,26.0,XSNUTEVNU,F2,0
54,54.0,0.35,55.0,0.5367,53.0,0.0046,0.0188,26.0,XSNUTEVNU,F2,0
55,55.0,0.35,56.0,0.4498,54.0,0.0057,0.0249,26.0,XSNUTEVNU,F2,0
56,56.0,0.45,57.0,0.4254,55.0,0.0058,0.0228,26.0,XSNUTEVNU,F2,0
57,57.0,0.45,58.0,0.3969,56.0,0.0085,0.0208,26.0,XSNUTEVNU,F2,0
58,58.0,0.45,59.0,0.3615,57.0,0.0043,0.0236,26.0,XSNUTEVNU,F2,0
59,59.0,0.45,60.0,0.3404,58.0,0.0039,0.0208,26.0,XSNUTEVNU,F2,0
60,60.0,0.45,61.0,0.313,59.0,0.0037,0.023399999999999997,26.0,XSNUTEVNU,F2,0
61,61.0,0.45,62.0,0.304,60.0,0.0043,0.024099999999999996,26.0,XSNUTEVNU,F2,0
62,62.0,0.45,63.0,0.256,61.0,0.0043,0.0196,26.0,XSNUTEVNU,F2,0
63,63.0,0.55,64.0,0.2259,62.0,0.0069,0.036000000000000004,26.0,XSNUTEVNU,F2,0
64,64.0,0.55,65.0,0.2061,63.0,0.0039,0.0167,26.0,XSNUTEVNU,F2,0
65,65.0,0.55,66.0,0.1764,64.0,0.0029,0.0172,26.0,XSNUTEVNU,F2,0
66,66.0,0.55,67.0,0.1607,65.0,0.0027,0.0212,26.0,XSNUTEVNU,F2,0
67,67.0,0.55,68.0,0.157,66.0,0.0031,0.0172,26.0,XSNUTEVNU,F2,0
68,68.0,0.55,69.0,0.1361,67.0,0.0032,0.015999999999999997,26.0,XSNUTEVNU,F2,0
69,69.0,0.65,70.0,0.1164,68.0,0.0055,0.0152,26.0,XSNUTEVNU,F2,0
70,70.0,0.65,71.0,0.0989,69.0,0.0035,0.0126,26.0,XSNUTEVNU,F2,0
71,71.0,0.65,72.0,0.0881,70.0,0.0022,0.0098,26.0,XSNUTEVNU,F2,0
72,72.0,0.65,73.0,0.0802,71.0,0.0018,0.0088,26.0,XSNUTEVNU,F2,0
73,73.0,0.65,74.0,0.0707,72.0,0.0021,0.0078,26.0,XSNUTEVNU,F2,0
74,74.0,0.65,75.0,0.063,73.0,0.0024,0.0083,26.0,XSNUTEVNU,F2,0
75,75.0,0.75,76.0,0.05,74.0,0.0033,0.0127,26.0,XSNUTEVNU,F2,0
76,76.0,0.75,77.0,0.0387,75.0,0.0029,0.0057,26.0,XSNUTEVNU,F2,0
77,77.0,0.75,78.0,0.0332,76.0,0.0014,0.0053999999999999986,26.0,XSNUTEVNU,F2,0
2,2.0,0.015,3.0,0.2634,1.0,0.0146,0.0103,26.0,XSNUTEVNU,F3,0
3,3.0,0.015,4.0,0.3262,2.0,0.0157,0.0157,26.0,XSNUTEVNU,F3,0
4,4.0,0.015,5.0,0.3026,3.0,0.0176,0.0081,26.0,XSNUTEVNU,F3,0
5,5.0,0.015,6.0,0.3755,4.0,0.0212,0.0391,26.0,XSNUTEVNU,F3,0
6,6.0,0.045,7.0,0.4007,5.0,0.0621,0.058,26.0,XSNUTEVNU,F3,0
7,7.0,0.045,8.0,0.4655,6.0,0.0346,0.0339,26.0,XSNUTEVNU,F3,0
8,8.0,0.045,9.0,0.4829,7.0,0.0211,0.040400000000000005,26.0,XSNUTEVNU,F3,0
9,9.0,0.045,10.0,0.4908,8.0,0.0176,0.0184,26.0,XSNUTEVNU,F3,0
10,10.0,0.045,11.0,0.54,9.0,0.016,0.0264,26.0,XSNUTEVNU,F3,0
11,11.0,0.045,12.0,0.5729,10.0,0.0185,0.02,26.0,XSNUTEVNU,F3,0
12,12.0,0.045,13.0,0.5362,11.0,0.0197,0.0185,26.0,XSNUTEVNU,F3,0
13,13.0,0.08,14.0,0.6031,12.0,0.0429,0.1209,26.0,XSNUTEVNU,F3,0
14,14.0,0.08,15.0,0.6596,13.0,0.0337,0.0349,26.0,XSNUTEVNU,F3,0
15,15.0,0.08,16.0,0.6441,14.0,0.0229,0.0564,26.0,XSNUTEVNU,F3,0
16,16.0,0.08,17.0,0.6651,15.0,0.0173,0.027800000000000002,26.0,XSNUTEVNU,F3,0
17,17.0,0.08,18.0,0.679,16.0,0.0142,0.0411,26.0,XSNUTEVNU,F3,0
18,18.0,0.08,19.0,0.7531,17.0,0.0164,0.0293,26.0,XSNUTEVNU,F3,0
19,19.0,0.08,20.0,0.641,18.0,0.0164,0.0395,26.0,XSNUTEVNU,F3,0
20,20.0,0.125,21.0,0.698,19.0,0.0266,0.0738,26.0,XSNUTEVNU,F3,0
21,21.0,0.125,22.0,0.7373,20.0,0.0321,0.036699999999999997,26.0,XSNUTEVNU,F3,0
22,22.0,0.125,23.0,0.7687,21.0,0.0213,0.0395,26.0,XSNUTEVNU,F3,0
23,23.0,0.125,24.0,0.7677,22.0,0.0145,0.0254,26.0,XSNUTEVNU,F3,0
24,24.0,0.125,25.0,0.7634,23.0,0.0135,0.027700000000000002,26.0,XSNUTEVNU,F3,0
25,25.0,0.125,26.0,0.8024,24.0,0.0148,0.0366,26.0,XSNUTEVNU,F3,0
26,26.0,0.125,27.0,0.6167,25.0,0.0143,0.024700000000000003,26.0,XSNUTEVNU,F3,0
27,27.0,0.175,28.0,0.7514,26.0,0.0255,0.054,26.0,XSNUTEVNU,F3,0
28,28.0,0.175,29.0,0.771,27.0,0.0857,0.0958,26.0,XSNUTEVNU,F3,0
29,29.0,0.175,30.0,0.8087,28.0,0.0314,0.0292,26.0,XSNUTEVNU,F3,0
30,30.0,0.175,31.0,0.7962,29.0,0.017,0.017300000000000003,26.0,XSNUTEVNU,F3,0
31,31.0,0.175,32.0,0.7608,30.0,0.0156,0.014,26.0,XSNUTEVNU,F3,0
32,32.0,0.175,33.0,0.7853,31.0,0.0129,0.0247,26.0,XSNUTEVNU,F3,0
33,33.0,0.175,34.0,0.7818,32.0,0.0145,0.0227,26.0,XSNUTEVNU,F3,0
34,34.0,0.225,35.0,0.7667,33.0,0.0139,0.0273,26.0,XSNUTEVNU,F3,0
35,35.0,0.225,36.0,0.76,34.0,0.0467,0.0814,26.0,XSNUTEVNU,F3,0
36,36.0,0.225,37.0,0.7871,35.0,0.0239,0.016900000000000002,26.0,XSNUTEVNU,F3,0
37,37.0,0.225,38.0,0.7413,36.0,0.0156,0.0179,26.0,XSNUTEVNU,F3,0
38,38.0,0.225,39.0,0.7149,37.0,0.0136,0.0368,26.0,XSNUTEVNU,F3,0
39,39.0,0.225,40.0,0.6968,38.0,0.0137,0.0155,26.0,XSNUTEVNU,F3,0
40,40.0,0.225,41.0,0.6842,39.0,0.0131,0.022300000000000004,26.0,XSNUTEVNU,F3,0
41,41.0,0.275,42.0,0.7264,40.0,0.0177,0.0472,26.0,XSNUTEVNU,F3,0
42,42.0,0.275,43.0,0.7057,41.0,0.0829,0.1881,26.0,XSNUTEVNU,F3,0
43,43.0,0.275,44.0,0.6791,42.0,0.0261,0.031599999999999996,26.0,XSNUTEVNU,F3,0
44,44.0,0.275,45.0,0.6812,43.0,0.0183,0.0208,26.0,XSNUTEVNU,F3,0
45,45.0,0.275,46.0,0.6387,44.0,0.0151,0.0166,26.0,XSNUTEVNU,F3,0
46,46.0,0.275,47.0,0.648,45.0,0.0132,0.0236,26.0,XSNUTEVNU,F3,0
47,47.0,0.275,48.0,0.5658,46.0,0.0141,0.014900000000000002,26.0,XSNUTEVNU,F3,0
48,48.0,0.35,49.0,0.5789,47.0,0.0142,0.03830000000000001,26.0,XSNUTEVNU,F3,0
49,49.0,0.35,50.0,0.5721,48.0,0.0294,0.031,26.0,XSNUTEVNU,F3,0
50,50.0,0.35,51.0,0.5355,49.0,0.0154,0.018099999999999998,26.0,XSNUTEVNU,F3,0
51,51.0,0.35,52.0,0.5144,50.0,0.0112,0.0145,26.0,XSNUTEVNU,F3,0
52,52.0,0.35,53.0,0.5018,51.0,0.0087,0.0059,26.0,XSNUTEVNU,F3,0
53,53.0,0.35,54.0,0.405,52.0,0.01,0.009500000000000001,26.0,XSNUTEVNU,F3,0
54,54.0,0.45,55.0,0.3878,53.0,0.0082,0.0069,26.0,XSNUTEVNU,F3,0
55,55.0,0.45,56.0,0.3787,54.0,0.0446,0.1115,26.0,XSNUTEVNU,F3,0
56,56.0,0.45,57.0,0.3489,55.0,0.0169,0.0333,26.0,XSNUTEVNU,F3,0
57,57.0,0.45,58.0,0.3187,56.0,0.0113,0.0228,26.0,XSNUTEVNU,F3,0
58,58.0,0.45,59.0,0.2965,57.0,0.0086,0.022900000000000004,26.0,XSNUTEVNU,F3,0
59,59.0,0.45,60.0,0.2913,58.0,0.0086,0.017,26.0,XSNUTEVNU,F3,0
60,60.0,0.45,61.0,0.2435,59.0,0.0075,0.009300000000000001,26.0,XSNUTEVNU,F3,0
61,61.0,0.55,62.0,0.2219,60.0,0.0093,0.0229,26.0,XSNUTEVNU,F3,0
62,62.0,0.55,63.0,0.2097,61.0,0.0192,0.0194,26.0,XSNUTEVNU,F3,0
63,63.0,0.55,64.0,0.1801,62.0,0.0105,0.0162,26.0,XSNUTEVNU,F3,0
64,64.0,0.55,65.0,0.1635,63.0,0.0077,0.0103,26.0,XSNUTEVNU,F3,0
65,65.0,0.55,66.0,0.1341,64.0,0.0068,0.012599999999999998,26.0,XSNUTEVNU,F3,0
66,66.0,0.55,67.0,0.125,65.0,0.0065,0.0118,26.0,XSNUTEVNU,F3,0
67,67.0,0.65,68.0,0.1252,66.0,0.0085,0.0168,26.0,XSNUTEVNU,F3,0
68,68.0,0.65,69.0,0.1158,67.0,0.0177,0.026799999999999997,26.0,XSNUTEVNU,F3,0
69,69.0,0.65,70.0,0.0844,68.0,0.0091,0.0163,26.0,XSNUTEVNU,F3,0
70,70.0,0.65,71.0,0.0713,69.0,0.0061,0.011899999999999999,26.0,XSNUTEVNU,F3,0
71,71.0,0.65,72.0,0.0702,70.0,0.0055,0.0082,26.0,XSNUTEVNU,F3,0
72,72.0,0.65,73.0,0.0501,71.0,0.006,0.0063999999999999994,26.0,XSNUTEVNU,F3,0
73,73.0,0.75,74.0,0.0379,72.0,0.0063,0.0154,26.0,XSNUTEVNU,F3,0
74,74.0,0.75,75.0,0.0338,73.0,0.007,0.006999999999999999,26.0,XSNUTEVNU,F3,0
2,2.0,0.02,3.0,1.0449,1.0,0.0122,0.0607,82.0,XSCHORUSCC,F2,0
3,3.0,0.02,4.0,1.1789,2.0,0.014,0.0598,82.0,XSCHORUSCC,F2,0
4,4.0,0.02,5.0,1.2201,3.0,0.0148,0.0696,82.0,XSCHORUSCC,F2,0
5,5.0,0.02,6.0,1.2505,4.0,0.0178,0.0813,82.0,XSCHORUSCC,F2,0
6,6.0,0.02,7.0,1.0459,5.0,0.0238,0.0921,82.0,XSCHORUSCC,F2,0
7,7.0,0.045,8.0,1.1908,6.0,0.0516,0.1218,82.0,XSCHORUSCC,F2,0
8,8.0,0.045,9.0,1.3191,7.0,0.0123,0.0592,82.0,XSCHORUSCC,F2,0
9,9.0,0.045,10.0,1.3983,8.0,0.0113,0.072,82.0,XSCHORUSCC,F2,0
10,10.0,0.045,11.0,1.3728,9.0,0.0154,0.0819,82.0,XSCHORUSCC,F2,0
11,11.0,0.045,12.0,1.2974,10.0,0.0173,0.0951,82.0,XSCHORUSCC,F2,0
12,12.0,0.045,13.0,1.2053,11.0,0.0221,0.1076,82.0,XSCHORUSCC,F2,0
13,13.0,0.08,14.0,1.3039,12.0,0.0658,0.1276,82.0,XSCHORUSCC,F2,0
14,14.0,0.08,15.0,1.363,13.0,0.0112,0.0596,82.0,XSCHORUSCC,F2,0
15,15.0,0.08,16.0,1.4266,14.0,0.0122,0.0646,82.0,XSCHORUSCC,F2,0
16,16.0,0.08,17.0,1.3939,15.0,0.0118,0.0743,82.0,XSCHORUSCC,F2,0
17,17.0,0.08,18.0,1.4333,16.0,0.0137,0.0828,82.0,XSCHORUSCC,F2,0
18,18.0,0.08,19.0,1.2218,17.0,0.0173,0.0953,82.0,XSCHORUSCC,F2,0
19,19.0,0.125,20.0,1.2995,18.0,0.0386,0.1264,82.0,XSCHORUSCC,F2,0
20,20.0,0.125,21.0,1.3024,19.0,0.0102,0.0462,82.0,XSCHORUSCC,F2,0
21,21.0,0.125,22.0,1.3028,20.0,0.0109,0.0489,82.0,XSCHORUSCC,F2,0
22,22.0,0.125,23.0,1.3013,21.0,0.0102,0.058,82.0,XSCHORUSCC,F2,0
23,23.0,0.125,24.0,1.2884,22.0,0.0115,0.0637,82.0,XSCHORUSCC,F2,0
24,24.0,0.125,25.0,1.1185,23.0,0.0146,0.0715,82.0,XSCHORUSCC,F2,0
25,25.0,0.175,26.0,1.1752,24.0,0.0302,0.0923,82.0,XSCHORUSCC,F2,0
26,26.0,0.175,27.0,1.2061,25.0,0.0147,0.0552,82.0,XSCHORUSCC,F2,0
27,27.0,0.175,28.0,1.1984,26.0,0.0124,0.0331,82.0,XSCHORUSCC,F2,0
28,28.0,0.175,29.0,1.1767,27.0,0.0087,0.0389,82.0,XSCHORUSCC,F2,0
29,29.0,0.175,30.0,1.1504,28.0,0.0111,0.0401,82.0,XSCHORUSCC,F2,0
30,30.0,0.175,31.0,1.1226,29.0,0.0116,0.0492,82.0,XSCHORUSCC,F2,0
31,31.0,0.175,32.0,1.067,30.0,0.0143,0.0589,82.0,XSCHORUSCC,F2,0
32,32.0,0.225,33.0,1.0695,31.0,0.0473,0.0822,82.0,XSCHORUSCC,F2,0
33,33.0,0.225,34.0,1.044,32.0,0.0126,0.0319,82.0,XSCHORUSCC,F2,0
34,34.0,0.225,35.0,1.0323,33.0,0.0094,0.0264,82.0,XSCHORUSCC,F2,0
35,35.0,0.225,36.0,0.9997,34.0,0.0086,0.0291,82.0,XSCHORUSCC,F2,0
36,36.0,0.225,37.0,1.0098,35.0,0.01,0.0341,82.0,XSCHORUSCC,F2,0
37,37.0,0.225,38.0,0.9735,36.0,0.0118,0.0358,82.0,XSCHORUSCC,F2,0
38,38.0,0.275,39.0,0.9363,37.0,0.0193,0.0538,82.0,XSCHORUSCC,F2,0
39,39.0,0.275,40.0,0.9275,38.0,0.0143,0.0326,82.0,XSCHORUSCC,F2,0
40,40.0,0.275,41.0,0.9102,39.0,0.0113,0.0254,82.0,XSCHORUSCC,F2,0
41,41.0,0.275,42.0,0.8453,40.0,0.0076,0.0217,82.0,XSCHORUSCC,F2,0
42,42.0,0.275,43.0,0.831,41.0,0.0097,0.0205,82.0,XSCHORUSCC,F2,0
43,43.0,0.275,44.0,0.7531,42.0,0.0096,0.0231,82.0,XSCHORUSCC,F2,0
44,44.0,0.35,45.0,0.711,43.0,0.0114,0.0307,82.0,XSCHORUSCC,F2,0
45,45.0,0.35,46.0,0.662,44.0,0.0077,0.0403,82.0,XSCHORUSCC,F2,0
46,46.0,0.35,47.0,0.6338,45.0,0.0049,0.0252,82.0,XSCHORUSCC,F2,0
47,47.0,0.35,48.0,0.6219,46.0,0.006,0.0245,82.0,XSCHORUSCC,F2,0
48,48.0,0.35,49.0,0.5809,47.0,0.0057,0.0188,82.0,XSCHORUSCC,F2,0
49,49.0,0.35,50.0,0.4811,48.0,0.0063,0.0183,82.0,XSCHORUSCC,F2,0
50,50.0,0.45,51.0,0.4363,49.0,0.0095,0.022,82.0,XSCHORUSCC,F2,0
51,51.0,0.45,52.0,0.406,50.0,0.0049,0.0408,82.0,XSCHORUSCC,F2,0
52,52.0,0.45,53.0,0.3779,51.0,0.004,0.0291,82.0,XSCHORUSCC,F2,0
53,53.0,0.45,54.0,0.3438,52.0,0.0049,0.0271,82.0,XSCHORUSCC,F2,0
54,54.0,0.45,55.0,0.3264,53.0,0.005,0.0217,82.0,XSCHORUSCC,F2,0
55,55.0,0.45,56.0,0.2949,54.0,0.0051,0.0156,82.0,XSCHORUSCC,F2,0
56,56.0,0.55,57.0,0.2484,55.0,0.0152,0.0159,82.0,XSCHORUSCC,F2,0
57,57.0,0.55,58.0,0.2253,56.0,0.0047,0.0415,82.0,XSCHORUSCC,F2,0
58,58.0,0.55,59.0,0.2015,57.0,0.0031,0.0289,82.0,XSCHORUSCC,F2,0
59,59.0,0.55,60.0,0.1811,58.0,0.0034,0.0249,82.0,XSCHORUSCC,F2,0
60,60.0,0.55,61.0,0.1658,59.0,0.0032,0.0184,82.0,XSCHORUSCC,F2,0
61,61.0,0.55,62.0,0.1558,60.0,0.0039,0.0157,82.0,XSCHORUSCC,F2,0
62,62.0,0.65,63.0,0.1244,61.0,0.0046,0.0117,82.0,XSCHORUSCC,F2,0
63,63.0,0.65,64.0,0.1035,62.0,0.0038,0.0311,82.0,XSCHORUSCC,F2,0
64,64.0,0.65,65.0,0.0863,63.0,0.0022,0.0217,82.0,XSCHORUSCC,F2,0
65,65.0,0.65,66.0,0.083,64.0,0.0021,0.017,82.0,XSCHORUSCC,F2,0
66,66.0,0.65,67.0,0.0673,65.0,0.0019,0.0123,82.0,XSCHORUSCC,F2,0
2,2.0,0.02,3.0,0.2076,1.0,0.0353,0.0365,82.0,XSCHORUSCC,F3,0
3,3.0,0.02,4.0,0.3155,2.0,0.0263,0.0268,82.0,XSCHORUSCC,F3,0
4,4.0,0.02,5.0,0.3398,3.0,0.022,0.0203,82.0,XSCHORUSCC,F3,0
5,5.0,0.02,6.0,0.3448,4.0,0.0251,0.0242,82.0,XSCHORUSCC,F3,0
6,6.0,0.02,7.0,0.2962,5.0,0.0291,0.0274,82.0,XSCHORUSCC,F3,0
7,7.0,0.045,8.0,0.3591,6.0,0.058,0.0234,82.0,XSCHORUSCC,F3,0
8,8.0,0.045,9.0,0.3957,7.0,0.0352,0.0356,82.0,XSCHORUSCC,F3,0
9,9.0,0.045,10.0,0.4539,8.0,0.0184,0.0347,82.0,XSCHORUSCC,F3,0
10,10.0,0.045,11.0,0.4823,9.0,0.024,0.032,82.0,XSCHORUSCC,F3,0
11,11.0,0.045,12.0,0.5941,10.0,0.0229,0.0335,82.0,XSCHORUSCC,F3,0
12,12.0,0.045,13.0,0.4562,11.0,0.027,0.0315,82.0,XSCHORUSCC,F3,0
13,13.0,0.08,14.0,0.5495,12.0,0.0778,0.0414,82.0,XSCHORUSCC,F3,0
14,14.0,0.08,15.0,0.6133,13.0,0.0323,0.0543,82.0,XSCHORUSCC,F3,0
15,15.0,0.08,16.0,0.6478,14.0,0.0229,0.0422,82.0,XSCHORUSCC,F3,0
16,16.0,0.08,17.0,0.7249,15.0,0.0178,0.0436,82.0,XSCHORUSCC,F3,0
17,17.0,0.08,18.0,0.6371,16.0,0.02,0.0419,82.0,XSCHORUSCC,F3,0
18,18.0,0.08,19.0,0.5793,17.0,0.022,0.0433,82.0,XSCHORUSCC,F3,0
19,19.0,0.125,20.0,0.6755,18.0,0.046,0.0441,82.0,XSCHORUSCC,F3,0
20,20.0,0.125,21.0,0.7509,19.0,0.0295,0.0531,82.0,XSCHORUSCC,F3,0
21,21.0,0.125,22.0,0.7823,20.0,0.0211,0.0386,82.0,XSCHORUSCC,F3,0
22,22.0,0.125,23.0,0.7897,21.0,0.0154,0.044,82.0,XSCHORUSCC,F3,0
23,23.0,0.125,24.0,0.8431,22.0,0.0166,0.0396,82.0,XSCHORUSCC,F3,0
24,24.0,0.125,25.0,0.7335,23.0,0.0189,0.0423,82.0,XSCHORUSCC,F3,0
25,25.0,0.175,26.0,0.6721,24.0,0.0367,0.0515,82.0,XSCHORUSCC,F3,0
26,26.0,0.175,27.0,0.7554,25.0,0.0487,0.0594,82.0,XSCHORUSCC,F3,0
27,27.0,0.175,28.0,0.8047,26.0,0.0356,0.0416,82.0,XSCHORUSCC,F3,0
28,28.0,0.175,29.0,0.8298,27.0,0.0145,0.0349,82.0,XSCHORUSCC,F3,0
29,29.0,0.175,30.0,0.8352,28.0,0.0175,0.0297,82.0,XSCHORUSCC,F3,0
30,30.0,0.175,31.0,0.7165,29.0,0.0158,0.0341,82.0,XSCHORUSCC,F3,0
31,31.0,0.175,32.0,0.6923,30.0,0.0182,0.0391,82.0,XSCHORUSCC,F3,0
32,32.0,0.225,33.0,0.6982,31.0,0.0584,0.0331,82.0,XSCHORUSCC,F3,0
33,33.0,0.225,34.0,0.8044,32.0,0.0458,0.0399,82.0,XSCHORUSCC,F3,0
34,34.0,0.225,35.0,0.7749,33.0,0.0215,0.0316,82.0,XSCHORUSCC,F3,0
35,35.0,0.225,36.0,0.7768,34.0,0.0133,0.0263,82.0,XSCHORUSCC,F3,0
36,36.0,0.225,37.0,0.7911,35.0,0.0142,0.0281,82.0,XSCHORUSCC,F3,0
37,37.0,0.225,38.0,0.7128,36.0,0.0154,0.0271,82.0,XSCHORUSCC,F3,0
38,38.0,0.275,39.0,0.6773,37.0,0.0241,0.0275,82.0,XSCHORUSCC,F3,0
39,39.0,0.275,40.0,0.7368,38.0,0.0473,0.0461,82.0,XSCHORUSCC,F3,0
40,40.0,0.275,41.0,0.7091,39.0,0.0325,0.0228,82.0,XSCHORUSCC,F3,0
41,41.0,0.275,42.0,0.7297,40.0,0.0126,0.0179,82.0,XSCHORUSCC,F3,0
42,42.0,0.275,43.0,0.7034,41.0,0.0154,0.0173,82.0,XSCHORUSCC,F3,0
43,43.0,0.275,44.0,0.582,42.0,0.0127,0.019,82.0,XSCHORUSCC,F3,0
44,44.0,0.35,45.0,0.6051,43.0,0.0144,0.0209,82.0,XSCHORUSCC,F3,0
45,45.0,0.35,46.0,0.5819,44.0,0.0282,0.0219,82.0,XSCHORUSCC,F3,0
46,46.0,0.35,47.0,0.5753,45.0,0.0097,0.0215,82.0,XSCHORUSCC,F3,0
47,47.0,0.35,48.0,0.5781,46.0,0.0114,0.0211,82.0,XSCHORUSCC,F3,0
48,48.0,0.35,49.0,0.5391,47.0,0.0083,0.0171,82.0,XSCHORUSCC,F3,0
49,49.0,0.35,50.0,0.3814,48.0,0.008,0.0149,82.0,XSCHORUSCC,F3,0
50,50.0,0.45,51.0,0.4037,49.0,0.0118,0.0174,82.0,XSCHORUSCC,F3,0
51,51.0,0.45,52.0,0.3962,50.0,0.0141,0.0315,82.0,XSCHORUSCC,F3,0
52,52.0,0.45,53.0,0.363,51.0,0.0074,0.0276,82.0,XSCHORUSCC,F3,0
53,53.0,0.45,54.0,0.3338,52.0,0.0085,0.0284,82.0,XSCHORUSCC,F3,0
54,54.0,0.45,55.0,0.3234,53.0,0.0076,0.0239,82.0,XSCHORUSCC,F3,0
55,55.0,0.45,56.0,0.2604,54.0,0.0063,0.0145,82.0,XSCHORUSCC,F3,0
56,56.0,0.55,57.0,0.2327,55.0,0.0193,0.0124,82.0,XSCHORUSCC,F3,0
57,57.0,0.55,58.0,0.2138,56.0,0.0174,0.033,82.0,XSCHORUSCC,F3,0
58,58.0,0.55,59.0,0.2038,57.0,0.0072,0.0249,82.0,XSCHORUSCC,F3,0
59,59.0,0.55,60.0,0.1898,58.0,0.0066,0.0255,82.0,XSCHORUSCC,F3,0
60,60.0,0.55,61.0,0.1767,59.0,0.0049,0.0194,82.0,XSCHORUSCC,F3,0
61,61.0,0.55,62.0,0.1325,60.0,0.0057,0.0176,82.0,XSCHORUSCC,F3,0
62,62.0,0.65,63.0,0.1262,61.0,0.0058,0.0125,82.0,XSCHORUSCC,F3,0
63,63.0,0.65,64.0,0.1008,62.0,0.0129,0.0289,82.0,XSCHORUSCC,F3,0
64,64.0,0.65,65.0,0.0928,63.0,0.0054,0.0224,82.0,XSCHORUSCC,F3,0
65,65.0,0.65,66.0,0.0803,64.0,0.0054,0.0168,82.0,XSCHORUSCC,F3,0
66,66.0,0.65,67.0,0.0725,65.0,0.0033,0.0133,82.0,XSCHORUSCC,F3,0
2,2.0,0.02,3.0,10.676,1.0,0.336,0.843,82.0,XSCHORUSCC,DXDYNUU,0
3,3.0,0.02,4.0,11.091,2.0,0.371,0.851,82.0,XSCHORUSCC,DXDYNUU,0
4,4.0,0.02,5.0,9.809,3.0,0.37,0.815,82.0,XSCHORUSCC,DXDYNUU,0
5,5.0,0.02,6.0,13.752,4.0,0.384,0.88,82.0,XSCHORUSCC,DXDYNUU,0
6,6.0,0.02,7.0,14.092,5.0,0.36,0.572,82.0,XSCHORUSCC,DXDYNUU,0
7,7.0,0.045,8.0,13.549,6.0,0.329,0.846,82.0,XSCHORUSCC,DXDYNUU,0
8,8.0,0.045,9.0,14.04,7.0,0.345,0.919,82.0,XSCHORUSCC,DXDYNUU,0
9,9.0,0.045,10.0,13.152,8.0,0.345,0.914,82.0,XSCHORUSCC,DXDYNUU,0
10,10.0,0.045,11.0,16.976,9.0,0.354,0.944,82.0,XSCHORUSCC,DXDYNUU,0
11,11.0,0.045,12.0,16.733,10.0,0.345,1.033,82.0,XSCHORUSCC,DXDYNUU,0
12,12.0,0.045,13.0,16.814,11.0,0.327,1.076,82.0,XSCHORUSCC,DXDYNUU,0
13,13.0,0.08,14.0,16.599,12.0,0.333,1.034,82.0,XSCHORUSCC,DXDYNUU,0
14,14.0,0.08,15.0,16.254,13.0,0.34,1.018,82.0,XSCHORUSCC,DXDYNUU,0
15,15.0,0.08,16.0,17.556,14.0,0.339,1.146,82.0,XSCHORUSCC,DXDYNUU,0
16,16.0,0.08,17.0,17.623,15.0,0.342,1.058,82.0,XSCHORUSCC,DXDYNUU,0
17,17.0,0.08,18.0,18.311,16.0,0.3,0.939,82.0,XSCHORUSCC,DXDYNUU,0
18,18.0,0.08,19.0,18.257,17.0,0.308,0.948,82.0,XSCHORUSCC,DXDYNUU,0
19,19.0,0.125,20.0,17.601,18.0,0.322,0.965,82.0,XSCHORUSCC,DXDYNUU,0
20,20.0,0.125,21.0,17.667,19.0,0.324,0.998,82.0,XSCHORUSCC,DXDYNUU,0
21,21.0,0.125,22.0,17.164,20.0,0.321,0.985,82.0,XSCHORUSCC,DXDYNUU,0
22,22.0,0.125,23.0,17.397,21.0,0.308,0.718,82.0,XSCHORUSCC,DXDYNUU,0
23,23.0,0.125,24.0,17.481,22.0,0.309,0.699,82.0,XSCHORUSCC,DXDYNUU,0
24,24.0,0.125,25.0,16.75,23.0,0.315,0.817,82.0,XSCHORUSCC,DXDYNUU,0
25,25.0,0.175,26.0,16.307,24.0,0.321,0.817,82.0,XSCHORUSCC,DXDYNUU,0
26,26.0,0.175,27.0,16.442,25.0,0.316,0.883,82.0,XSCHORUSCC,DXDYNUU,0
27,27.0,0.175,28.0,16.435,26.0,0.302,0.57,82.0,XSCHORUSCC,DXDYNUU,0
28,28.0,0.175,29.0,16.708,27.0,0.308,0.593,82.0,XSCHORUSCC,DXDYNUU,0
29,29.0,0.175,30.0,15.439,28.0,0.312,0.598,82.0,XSCHORUSCC,DXDYNUU,0
30,30.0,0.175,31.0,15.002,29.0,0.318,0.688,82.0,XSCHORUSCC,DXDYNUU,0
31,31.0,0.175,32.0,14.798,30.0,0.307,0.69,82.0,XSCHORUSCC,DXDYNUU,0
32,32.0,0.225,33.0,14.9,31.0,0.293,0.465,82.0,XSCHORUSCC,DXDYNUU,0
33,33.0,0.225,34.0,14.765,32.0,0.298,0.37,82.0,XSCHORUSCC,DXDYNUU,0
34,34.0,0.225,35.0,14.271,33.0,0.301,0.402,82.0,XSCHORUSCC,DXDYNUU,0
35,35.0,0.225,36.0,12.152,34.0,0.302,0.426,82.0,XSCHORUSCC,DXDYNUU,0
36,36.0,0.225,37.0,11.929,35.0,0.3,0.407,82.0,XSCHORUSCC,DXDYNUU,0
37,37.0,0.225,38.0,11.634,36.0,0.19,0.452,82.0,XSCHORUSCC,DXDYNUU,0
38,38.0,0.275,39.0,11.374,37.0,0.192,0.428,82.0,XSCHORUSCC,DXDYNUU,0
39,39.0,0.275,40.0,8.318,38.0,0.19,0.34,82.0,XSCHORUSCC,DXDYNUU,0
40,40.0,0.275,41.0,7.478,39.0,0.189,0.285,82.0,XSCHORUSCC,DXDYNUU,0
41,41.0,0.275,42.0,7.532,40.0,0.158,0.672,82.0,XSCHORUSCC,DXDYNUU,0
42,42.0,0.275,43.0,7.614,41.0,0.152,0.498,82.0,XSCHORUSCC,DXDYNUU,0
43,43.0,0.275,44.0,4.931,42.0,0.155,0.444,82.0,XSCHORUSCC,DXDYNUU,0
44,44.0,0.35,45.0,4.383,43.0,0.159,0.434,82.0,XSCHORUSCC,DXDYNUU,0
45,45.0,0.35,46.0,4.54,44.0,0.119,0.613,82.0,XSCHORUSCC,DXDYNUU,0
46,46.0,0.35,47.0,2.46,45.0,0.114,0.457,82.0,XSCHORUSCC,DXDYNUU,0
47,47.0,0.35,48.0,2.309,46.0,0.119,0.441,82.0,XSCHORUSCC,DXDYNUU,0
48,48.0,0.35,49.0,2.155,47.0,0.078,0.451,82.0,XSCHORUSCC,DXDYNUU,0
49,49.0,0.35,50.0,11.026,48.0,0.077,0.369,82.0,XSCHORUSCC,DXDYNUU,0
50,50.0,0.45,51.0,11.09,49.0,0.078,0.325,82.0,XSCHORUSCC,DXDYNUU,0
51,51.0,0.45,52.0,12.21,50.0,0.445,0.995,82.0,XSCHORUSCC,DXDYNUU,0
52,52.0,0.45,53.0,12.348,51.0,0.462,0.781,82.0,XSCHORUSCC,DXDYNUU,0
53,53.0,0.45,54.0,11.806,52.0,0.501,0.685,82.0,XSCHORUSCC,DXDYNUU,0
54,54.0,0.45,55.0,11.024,53.0,0.493,0.741,82.0,XSCHORUSCC,DXDYNUU,0
55,55.0,0.45,56.0,15.058,54.0,0.475,0.731,82.0,XSCHORUSCC,DXDYNUU,0
56,56.0,0.55,57.0,14.654,55.0,0.452,0.911,82.0,XSCHORUSCC,DXDYNUU,0
57,57.0,0.55,58.0,15.893,56.0,0.428,0.817,82.0,XSCHORUSCC,DXDYNUU,0
58,58.0,0.55,59.0,16.19,57.0,0.442,0.725,82.0,XSCHORUSCC,DXDYNUU,0
59,59.0,0.55,60.0,14.912,58.0,0.47,0.967,82.0,XSCHORUSCC,DXDYNUU,0
60,60.0,0.55,61.0,14.922,59.0,0.469,1.118,82.0,XSCHORUSCC,DXDYNUU,0
61,61.0,0.55,62.0,17.932,60.0,0.44,1.046,82.0,XSCHORUSCC,DXDYNUU,0
62,62.0,0.65,63.0,17.871,61.0,0.438,1.147,82.0,XSCHORUSCC,DXDYNUU,0
63,63.0,0.65,64.0,17.917,62.0,0.42,0.954,82.0,XSCHORUSCC,DXDYNUU,0
64,64.0,0.65,65.0,18.329,63.0,0.433,0.913,82.0,XSCHORUSCC,DXDYNUU,0
65,65.0,0.65,66.0,16.765,64.0,0.437,0.903,82.0,XSCHORUSCC,DXDYNUU,0
66,66.0,0.65,67.0,17.209,65.0,0.44,1.075,82.0,XSCHORUSCC,DXDYNUU,0
67,67.0,0.65,68.0,18.402,66.0,0.412,1.021,82.0,XSCHORUSCC,DXDYNUU,0
2,2.0,0.02,3.0,7.845,1.0,0.506,0.865,82.0,XSCHORUSCC,DXDYNUB,0
3,3.0,0.02,4.0,6.889,2.0,0.48,0.73,82.0,XSCHORUSCC,DXDYNUB,0
4,4.0,0.02,5.0,7.115,3.0,0.477,0.585,82.0,XSCHORUSCC,DXDYNUB,0
5,5.0,0.02,6.0,11.285,4.0,0.447,0.57,82.0,XSCHORUSCC,DXDYNUB,0
6,6.0,0.02,7.0,10.321,5.0,0.472,0.549,82.0,XSCHORUSCC,DXDYNUB,0
7,7.0,0.045,8.0,8.994,6.0,0.446,0.666,82.0,XSCHORUSCC,DXDYNUB,0
8,8.0,0.045,9.0,8.728,7.0,0.44,0.567,82.0,XSCHORUSCC,DXDYNUB,0
9,9.0,0.045,10.0,6.94,8.0,0.422,0.517,82.0,XSCHORUSCC,DXDYNUB,0
10,10.0,0.045,11.0,12.428,9.0,0.421,0.595,82.0,XSCHORUSCC,DXDYNUB,0
11,11.0,0.045,12.0,11.304,10.0,0.378,0.463,82.0,XSCHORUSCC,DXDYNUB,0
12,12.0,0.045,13.0,9.467,11.0,0.412,0.634,82.0,XSCHORUSCC,DXDYNUB,0
13,13.0,0.08,14.0,7.89,12.0,0.404,0.591,82.0,XSCHORUSCC,DXDYNUB,0
14,14.0,0.08,15.0,6.493,13.0,0.374,0.606,82.0,XSCHORUSCC,DXDYNUB,0
15,15.0,0.08,16.0,11.873,14.0,0.344,0.451,82.0,XSCHORUSCC,DXDYNUB,0
16,16.0,0.08,17.0,9.785,15.0,0.321,0.334,82.0,XSCHORUSCC,DXDYNUB,0
17,17.0,0.08,18.0,9.502,16.0,0.365,0.521,82.0,XSCHORUSCC,DXDYNUB,0
18,18.0,0.08,19.0,7.194,17.0,0.34,0.409,82.0,XSCHORUSCC,DXDYNUB,0
19,19.0,0.125,20.0,5.19,18.0,0.339,0.445,82.0,XSCHORUSCC,DXDYNUB,0
20,20.0,0.125,21.0,9.937,19.0,0.3,0.368,82.0,XSCHORUSCC,DXDYNUB,0
21,21.0,0.125,22.0,9.014,20.0,0.253,0.215,82.0,XSCHORUSCC,DXDYNUB,0
22,22.0,0.125,23.0,7.461,21.0,0.336,0.411,82.0,XSCHORUSCC,DXDYNUB,0
23,23.0,0.125,24.0,5.886,22.0,0.328,0.346,82.0,XSCHORUSCC,DXDYNUB,0
24,24.0,0.125,25.0,4.23,23.0,0.303,0.342,82.0,XSCHORUSCC,DXDYNUB,0
25,25.0,0.175,26.0,9.041,24.0,0.268,0.273,82.0,XSCHORUSCC,DXDYNUB,0
26,26.0,0.175,27.0,8.052,25.0,0.23,0.166,82.0,XSCHORUSCC,DXDYNUB,0
27,27.0,0.175,28.0,6.053,26.0,0.323,0.32,82.0,XSCHORUSCC,DXDYNUB,0
28,28.0,0.175,29.0,4.247,27.0,0.311,0.307,82.0,XSCHORUSCC,DXDYNUB,0
29,29.0,0.175,30.0,3.185,28.0,0.274,0.263,82.0,XSCHORUSCC,DXDYNUB,0
30,30.0,0.175,31.0,7.733,29.0,0.227,0.22,82.0,XSCHORUSCC,DXDYNUB,0
31,31.0,0.175,32.0,6.277,30.0,0.202,0.222,82.0,XSCHORUSCC,DXDYNUB,0
32,32.0,0.225,33.0,4.45,31.0,0.304,0.295,82.0,XSCHORUSCC,DXDYNUB,0
33,33.0,0.225,34.0,3.483,32.0,0.278,0.197,82.0,XSCHORUSCC,DXDYNUB,0
34,34.0,0.225,35.0,2.528,33.0,0.235,0.187,82.0,XSCHORUSCC,DXDYNUB,0
35,35.0,0.225,36.0,5.95,34.0,0.21,0.143,82.0,XSCHORUSCC,DXDYNUB,0
36,36.0,0.225,37.0,4.13,35.0,0.18,0.115,82.0,XSCHORUSCC,DXDYNUB,0
37,37.0,0.225,38.0,3.357,36.0,0.191,0.317,82.0,XSCHORUSCC,DXDYNUB,0
38,38.0,0.275,39.0,2.231,37.0,0.161,0.183,82.0,XSCHORUSCC,DXDYNUB,0
39,39.0,0.275,40.0,4.098,38.0,0.145,0.151,82.0,XSCHORUSCC,DXDYNUB,0
40,40.0,0.275,41.0,2.7,39.0,0.119,0.098,82.0,XSCHORUSCC,DXDYNUB,0
41,41.0,0.275,42.0,1.894,40.0,0.162,0.309,82.0,XSCHORUSCC,DXDYNUB,0
42,42.0,0.275,43.0,1.094,41.0,0.13,0.169,82.0,XSCHORUSCC,DXDYNUB,0
43,43.0,0.275,44.0,2.144,42.0,0.109,0.113,82.0,XSCHORUSCC,DXDYNUB,0
44,44.0,0.35,45.0,1.46,43.0,0.083,0.067,82.0,XSCHORUSCC,DXDYNUB,0
45,45.0,0.35,46.0,0.956,44.0,0.113,0.293,82.0,XSCHORUSCC,DXDYNUB,0
46,46.0,0.35,47.0,1.072,45.0,0.096,0.204,82.0,XSCHORUSCC,DXDYNUB,0
47,47.0,0.35,48.0,0.635,46.0,0.076,0.11,82.0,XSCHORUSCC,DXDYNUB,0
48,48.0,0.35,49.0,0.414,47.0,0.074,0.201,82.0,XSCHORUSCC,DXDYNUB,0
49,49.0,0.35,50.0,9.951,48.0,0.058,0.097,82.0,XSCHORUSCC,DXDYNUB,0
50,50.0,0.45,51.0,9.668,49.0,0.049,0.069,82.0,XSCHORUSCC,DXDYNUB,0
51,51.0,0.45,52.0,9.069,50.0,0.676,0.79,82.0,XSCHORUSCC,DXDYNUB,0
52,52.0,0.45,53.0,8.216,51.0,0.683,0.644,82.0,XSCHORUSCC,DXDYNUB,0
53,53.0,0.45,54.0,8.931,52.0,0.67,0.576,82.0,XSCHORUSCC,DXDYNUB,0
54,54.0,0.45,55.0,8.428,53.0,0.629,0.604,82.0,XSCHORUSCC,DXDYNUB,0
55,55.0,0.45,56.0,13.006,54.0,0.657,0.591,82.0,XSCHORUSCC,DXDYNUB,0
56,56.0,0.55,57.0,11.468,55.0,0.637,0.588,82.0,XSCHORUSCC,DXDYNUB,0
57,57.0,0.55,58.0,11.756,56.0,0.63,0.622,82.0,XSCHORUSCC,DXDYNUB,0
58,58.0,0.55,59.0,10.585,57.0,0.611,0.687,82.0,XSCHORUSCC,DXDYNUB,0
59,59.0,0.55,60.0,9.708,58.0,0.642,0.742,82.0,XSCHORUSCC,DXDYNUB,0
60,60.0,0.55,61.0,7.678,59.0,0.587,0.611,82.0,XSCHORUSCC,DXDYNUB,0
61,61.0,0.55,62.0,14.345,60.0,0.572,0.652,82.0,XSCHORUSCC,DXDYNUB,0
62,62.0,0.65,63.0,12.352,61.0,0.492,0.637,82.0,XSCHORUSCC,DXDYNUB,0
63,63.0,0.65,64.0,11.434,62.0,0.587,0.65,82.0,XSCHORUSCC,DXDYNUB,0
64,64.0,0.65,65.0,10.012,63.0,0.561,0.566,82.0,XSCHORUSCC,DXDYNUB,0
65,65.0,0.65,66.0,8.201,64.0,0.548,0.549,82.0,XSCHORUSCC,DXDYNUB,0
66,66.0,0.65,67.0,6.96,65.0,0.505,0.462,82.0,XSCHORUSCC,DXDYNUB,0
67,67.0,0.65,68.0,15.153,66.0,0.449,0.508,82.0,XSCHORUSCC,DXDYNUB,0
2,2.0,0.015,3.0,0.69,1.0,0.013,0.053,26.0,XSCHORUSCC,F2,14
3,3.0,0.015,4.0,0.758,2.0,0.013,0.049,26.0,XSCHORUSCC,F2,14
4,4.0,0.015,5.0,0.857,3.0,0.014,0.048,26.0,XSCHORUSCC,F2,14
5,5.0,0.015,6.0,0.922,4.0,0.016,0.048,26.0,XSCHORUSCC,F2,14
6,6.0,0.015,7.0,0.971,5.0,0.019,0.049,26.0,XSCHORUSCC,F2,14
7,7.0,0.015,8.0,1.086,6.0,0.019,0.052,26.0,XSCHORUSCC,F2,14
8,8.0,0.015,9.0,1.167,7.0,0.02,0.057,26.0,XSCHORUSCC,F2,14
9,9.0,0.015,10.0,1.067,8.0,0.028,0.064,26.0,XSCHORUSCC,F2,14
13,13.0,0.015,14.0,0.834,12.0,0.0,0.0,26.0,XSCHORUSCC,F2,14
14,14.0,0.045,15.0,0.889,13.0,0.0,0.0,26.0,XSCHORUSCC,F2,14
15,15.0,0.045,16.0,0.968,14.0,0.017,0.084,26.0,XSCHORUSCC,F2,14
16,16.0,0.045,17.0,1.074,15.0,0.015,0.075,26.0,XSCHORUSCC,F2,14
17,17.0,0.045,18.0,1.159,16.0,0.017,0.069,26.0,XSCHORUSCC,F2,14
18,18.0,0.045,19.0,1.233,17.0,0.02,0.065,26.0,XSCHORUSCC,F2,14
19,19.0,0.045,20.0,1.286,18.0,0.022,0.064,26.0,XSCHORUSCC,F2,14
20,20.0,0.045,21.0,1.329,19.0,0.023,0.065,26.0,XSCHORUSCC,F2,14
21,21.0,0.045,22.0,1.511,20.0,0.024,0.068,26.0,XSCHORUSCC,F2,14
22,22.0,0.045,23.0,1.54,21.0,0.032,0.073,26.0,XSCHORUSCC,F2,14
26,26.0,0.045,27.0,1.03,25.0,0.0,0.0,26.0,XSCHORUSCC,F2,14
27,27.0,0.08,28.0,1.065,26.0,0.0,0.0,26.0,XSCHORUSCC,F2,14
28,28.0,0.08,29.0,1.102,27.0,0.017,0.1,26.0,XSCHORUSCC,F2,14
29,29.0,0.08,30.0,1.165,28.0,0.015,0.089,26.0,XSCHORUSCC,F2,14
30,30.0,0.08,31.0,1.252,29.0,0.015,0.08,26.0,XSCHORUSCC,F2,14
31,31.0,0.08,32.0,1.298,30.0,0.016,0.073,26.0,XSCHORUSCC,F2,14
32,32.0,0.08,33.0,1.33,31.0,0.018,0.069,26.0,XSCHORUSCC,F2,14
33,33.0,0.08,34.0,1.387,32.0,0.017,0.067,26.0,XSCHORUSCC,F2,14
34,34.0,0.08,35.0,1.42,33.0,0.017,0.067,26.0,XSCHORUSCC,F2,14
35,35.0,0.08,36.0,1.481,34.0,0.02,0.07,26.0,XSCHORUSCC,F2,14
36,36.0,0.08,37.0,1.606,35.0,0.027,0.075,26.0,XSCHORUSCC,F2,14
39,39.0,0.08,40.0,1.048,38.0,0.0,0.0,26.0,XSCHORUSCC,F2,14
40,40.0,0.125,41.0,1.1,39.0,0.0,0.0,26.0,XSCHORUSCC,F2,14
41,41.0,0.125,42.0,1.122,40.0,0.016,0.09433981132056604,26.0,XSCHORUSCC,F2,14
42,42.0,0.125,43.0,1.157,41.0,0.015,0.08030566605165541,26.0,XSCHORUSCC,F2,14
43,43.0,0.125,44.0,1.191,42.0,0.014,0.06846897107449476,26.0,XSCHORUSCC,F2,14
44,44.0,0.125,45.0,1.236,43.0,0.015,0.05968249324550709,26.0,XSCHORUSCC,F2,14
45,45.0,0.125,46.0,1.299,44.0,0.016,0.05510898293381942,26.0,XSCHORUSCC,F2,14
46,46.0,0.125,47.0,1.278,45.0,0.016,0.05192301994298868,26.0,XSCHORUSCC,F2,14
47,47.0,0.125,48.0,1.32,46.0,0.015,0.052810983706043584,26.0,XSCHORUSCC,F2,14
48,48.0,0.125,49.0,1.269,47.0,0.018,0.056462376853972415,26.0,XSCHORUSCC,F2,14
49,49.0,0.125,50.0,1.342,48.0,0.024,0.06350590523722971,26.0,XSCHORUSCC,F2,14
52,52.0,0.125,53.0,1.015,51.0,0.0,0.0,26.0,XSCHORUSCC,F2,14
53,53.0,0.175,54.0,1.066,52.0,0.0,0.0,26.0,XSCHORUSCC,F2,14
54,54.0,0.175,55.0,1.071,53.0,0.015,0.06363961030678929,26.0,XSCHORUSCC,F2,14
55,55.0,0.175,56.0,1.081,54.0,0.015,0.055578772926361014,26.0,XSCHORUSCC,F2,14
56,56.0,0.175,57.0,1.103,55.0,0.013,0.04850773134253961,26.0,XSCHORUSCC,F2,14
57,57.0,0.175,58.0,1.117,56.0,0.014,0.04472135954999579,26.0,XSCHORUSCC,F2,14
58,58.0,0.175,59.0,1.136,57.0,0.016,0.04197618372363071,26.0,XSCHORUSCC,F2,14
59,59.0,0.175,60.0,1.154,58.0,0.015,0.04080441152620633,26.0,XSCHORUSCC,F2,14
60,60.0,0.175,61.0,1.122,59.0,0.014,0.04272001872658766,26.0,XSCHORUSCC,F2,14
61,61.0,0.175,62.0,1.173,60.0,0.017,0.04569463863518345,26.0,XSCHORUSCC,F2,14
62,62.0,0.175,63.0,1.135,61.0,0.021,0.05142956348249516,26.0,XSCHORUSCC,F2,14
65,65.0,0.175,66.0,0.964,64.0,0.0,0.0,26.0,XSCHORUSCC,F2,14
66,66.0,0.225,67.0,0.945,65.0,0.0,0.0,26.0,XSCHORUSCC,F2,14
67,67.0,0.225,68.0,0.966,66.0,0.015,0.07244308110509932,26.0,XSCHORUSCC,F2,14
68,68.0,0.225,69.0,0.969,67.0,0.014,0.05643580423808985,26.0,XSCHORUSCC,F2,14
69,69.0,0.225,70.0,0.974,68.0,0.013,0.043566041821583926,26.0,XSCHORUSCC,F2,14
70,70.0,0.225,71.0,0.984,69.0,0.012,0.034713109915419565,26.0,XSCHORUSCC,F2,14
71,71.0,0.225,72.0,0.991,70.0,0.013,0.028160255680657446,26.0,XSCHORUSCC,F2,14
72,72.0,0.225,73.0,0.974,71.0,0.012,0.025079872407968905,26.0,XSCHORUSCC,F2,14
73,73.0,0.225,74.0,0.993,72.0,0.011,0.02641968962724581,26.0,XSCHORUSCC,F2,14
74,74.0,0.225,75.0,1.001,73.0,0.013,0.02968164415931166,26.0,XSCHORUSCC,F2,14
75,75.0,0.225,76.0,0.924,74.0,0.015,0.03661966684720111,26.0,XSCHORUSCC,F2,14
76,76.0,0.225,77.0,0.925,75.0,0.019,0.04687216658103186,26.0,XSCHORUSCC,F2,14
78,78.0,0.225,79.0,0.859,77.0,0.049,0.07529276193632427,26.0,XSCHORUSCC,F2,14
79,79.0,0.275,80.0,0.844,78.0,0.0,0.0,26.0,XSCHORUSCC,F2,14
80,80.0,0.275,81.0,0.873,79.0,0.014,0.043416586692184816,26.0,XSCHORUSCC,F2,14
81,81.0,0.275,82.0,0.832,80.0,0.013,0.03551056180912941,26.0,XSCHORUSCC,F2,14
82,82.0,0.275,83.0,0.84,81.0,0.012,0.02863564212655271,26.0,XSCHORUSCC,F2,14
83,83.0,0.275,84.0,0.849,82.0,0.011,0.02308679276123039,26.0,XSCHORUSCC,F2,14
84,84.0,0.275,85.0,0.827,83.0,0.012,0.0206155281280883,26.0,XSCHORUSCC,F2,14
85,85.0,0.275,86.0,0.833,84.0,0.011,0.01972308292331602,26.0,XSCHORUSCC,F2,14
86,86.0,0.275,87.0,0.8,85.0,0.011,0.0214009345590327,26.0,XSCHORUSCC,F2,14
87,87.0,0.275,88.0,0.793,86.0,0.012,0.02483948469674844,26.0,XSCHORUSCC,F2,14
88,88.0,0.275,89.0,0.803,87.0,0.011,0.02973213749463701,26.0,XSCHORUSCC,F2,14
89,89.0,0.275,90.0,0.8,88.0,0.013,0.0367967389859482,26.0,XSCHORUSCC,F2,14
90,90.0,0.275,91.0,0.822,89.0,0.017,0.045343136195018535,26.0,XSCHORUSCC,F2,14
91,91.0,0.275,92.0,0.687,90.0,0.023,0.056080299571239806,26.0,XSCHORUSCC,F2,14
92,92.0,0.35,93.0,0.672,91.0,0.049,0.06824954212300621,26.0,XSCHORUSCC,F2,14
93,93.0,0.35,94.0,0.649,92.0,0.009,0.029614185789921695,26.0,XSCHORUSCC,F2,14
94,94.0,0.35,95.0,0.65,93.0,0.008,0.025495097567963927,26.0,XSCHORUSCC,F2,14
95,95.0,0.35,96.0,0.628,94.0,0.008,0.021587033144922906,26.0,XSCHORUSCC,F2,14
96,96.0,0.35,97.0,0.631,95.0,0.007,0.0196468827043885,26.0,XSCHORUSCC,F2,14
97,97.0,0.35,98.0,0.612,96.0,0.007,0.01772004514666935,26.0,XSCHORUSCC,F2,14
98,98.0,0.35,99.0,0.612,97.0,0.007,0.01746424919657298,26.0,XSCHORUSCC,F2,14
99,99.0,0.35,100.0,0.609,98.0,0.007,0.018788294228055936,26.0,XSCHORUSCC,F2,14
100,100.0,0.35,101.0,0.588,99.0,0.007,0.021095023109728987,26.0,XSCHORUSCC,F2,14
101,101.0,0.35,102.0,0.564,100.0,0.008,0.02441311123146741,26.0,XSCHORUSCC,F2,14
102,102.0,0.35,103.0,0.558,101.0,0.008,0.028600699292150183,26.0,XSCHORUSCC,F2,14
103,103.0,0.35,104.0,0.573,102.0,0.01,0.03420526275297414,26.0,XSCHORUSCC,F2,14
104,104.0,0.35,105.0,0.478,103.0,0.014,0.040607881008493905,26.0,XSCHORUSCC,F2,14
105,105.0,0.45,106.0,0.445,104.0,0.025,0.048414873747640814,26.0,XSCHORUSCC,F2,14
106,106.0,0.45,107.0,0.428,105.0,0.008,0.023537204591879638,26.0,XSCHORUSCC,F2,14
107,107.0,0.45,108.0,0.409,106.0,0.007,0.023194827009486402,26.0,XSCHORUSCC,F2,14
108,108.0,0.45,109.0,0.394,107.0,0.006,0.023194827009486402,26.0,XSCHORUSCC,F2,14
109,109.0,0.45,110.0,0.379,108.0,0.006,0.02308679276123039,26.0,XSCHORUSCC,F2,14
110,110.0,0.45,111.0,0.367,109.0,0.006,0.023194827009486402,26.0,XSCHORUSCC,F2,14
111,111.0,0.45,112.0,0.364,110.0,0.005,0.022360679774997894,26.0,XSCHORUSCC,F2,14
112,112.0,0.45,113.0,0.35,111.0,0.005,0.022803508501982758,26.0,XSCHORUSCC,F2,14
113,113.0,0.45,114.0,0.334,112.0,0.005,0.022472205054244233,26.0,XSCHORUSCC,F2,14
114,114.0,0.45,115.0,0.329,113.0,0.006,0.022825424421026655,26.0,XSCHORUSCC,F2,14
115,115.0,0.45,116.0,0.321,114.0,0.006,0.02441311123146741,26.0,XSCHORUSCC,F2,14
116,116.0,0.45,117.0,0.307,115.0,0.008,0.0261725046566048,26.0,XSCHORUSCC,F2,14
117,117.0,0.45,118.0,0.292,116.0,0.01,0.028600699292150183,26.0,XSCHORUSCC,F2,14
118,118.0,0.55,119.0,0.281,117.0,0.018,0.0322490309931942,26.0,XSCHORUSCC,F2,14
119,119.0,0.55,120.0,0.248,118.0,0.006,0.026076809620810593,26.0,XSCHORUSCC,F2,14
120,120.0,0.55,121.0,0.231,119.0,0.005,0.024020824298928628,26.0,XSCHORUSCC,F2,14
121,121.0,0.55,122.0,0.217,120.0,0.004,0.02308679276123039,26.0,XSCHORUSCC,F2,14
122,122.0,0.55,123.0,0.206,121.0,0.004,0.021095023109728987,26.0,XSCHORUSCC,F2,14
123,123.0,0.55,124.0,0.197,122.0,0.004,0.02009975124224178,26.0,XSCHORUSCC,F2,14
124,124.0,0.55,125.0,0.186,123.0,0.004,0.0191049731745428,26.0,XSCHORUSCC,F2,14
125,125.0,0.55,126.0,0.175,124.0,0.003,0.018248287590894658,26.0,XSCHORUSCC,F2,14
126,126.0,0.55,127.0,0.172,125.0,0.004,0.016278820596099707,26.0,XSCHORUSCC,F2,14
127,127.0,0.55,128.0,0.161,126.0,0.004,0.015524174696260024,26.0,XSCHORUSCC,F2,14
128,128.0,0.55,129.0,0.154,127.0,0.004,0.014866068747318507,26.0,XSCHORUSCC,F2,14
129,129.0,0.55,130.0,0.157,128.0,0.005,0.014317821063276353,26.0,XSCHORUSCC,F2,14
130,130.0,0.55,131.0,0.167,129.0,0.007,0.013892443989449804,26.0,XSCHORUSCC,F2,14
131,131.0,0.65,132.0,0.149,130.0,0.014,0.013601470508735444,26.0,XSCHORUSCC,F2,14
132,132.0,0.65,133.0,0.128,131.0,0.004,0.020124611797498106,26.0,XSCHORUSCC,F2,14
133,133.0,0.65,134.0,0.111,132.0,0.004,0.018384776310850236,26.0,XSCHORUSCC,F2,14
134,134.0,0.65,135.0,0.097,133.0,0.003,0.015811388300841896,26.0,XSCHORUSCC,F2,14
135,135.0,0.65,136.0,0.095,134.0,0.003,0.014560219778561038,26.0,XSCHORUSCC,F2,14
136,136.0,0.65,137.0,0.087,135.0,0.003,0.013341664064126334,26.0,XSCHORUSCC,F2,14
137,137.0,0.65,138.0,0.082,136.0,0.002,0.01216552506059644,26.0,XSCHORUSCC,F2,14
138,138.0,0.65,139.0,0.073,137.0,0.002,0.011180339887498947,26.0,XSCHORUSCC,F2,14
139,139.0,0.65,140.0,0.069,138.0,0.002,0.01019803902718557,26.0,XSCHORUSCC,F2,14
140,140.0,0.65,141.0,0.065,139.0,0.002,0.01004987562112089,26.0,XSCHORUSCC,F2,14
141,141.0,0.65,142.0,0.075,140.0,0.002,0.009219544457292887,26.0,XSCHORUSCC,F2,14
142,142.0,0.65,143.0,0.068,141.0,0.003,0.009219544457292887,26.0,XSCHORUSCC,F2,14
2,2.0,0.015,3.0,0.181,1.0,0.048,0.03605551275463989,26.0,XSCHORUSCC,F3,14
3,3.0,0.015,4.0,0.222,2.0,0.036,0.03001666203960727,26.0,XSCHORUSCC,F3,14
4,4.0,0.015,5.0,0.252,3.0,0.027,0.025942243542145693,26.0,XSCHORUSCC,F3,14
5,5.0,0.015,6.0,0.258,4.0,0.021,0.022825424421026655,26.0,XSCHORUSCC,F3,14
6,6.0,0.015,7.0,0.29,5.0,0.025,0.021470910553583886,26.0,XSCHORUSCC,F3,14
7,7.0,0.015,8.0,0.251,6.0,0.026,0.022472205054244233,26.0,XSCHORUSCC,F3,14
8,8.0,0.015,9.0,0.312,7.0,0.024,0.023600847442411893,26.0,XSCHORUSCC,F3,14
9,9.0,0.015,10.0,0.285,8.0,0.025,0.02765863337187866,26.0,XSCHORUSCC,F3,14
10,10.0,0.015,11.0,0.288,9.0,0.022,0.03324154027718933,26.0,XSCHORUSCC,F3,14
11,11.0,0.015,12.0,0.294,10.0,0.026,0.04036087214122113,26.0,XSCHORUSCC,F3,14
12,12.0,0.015,13.0,0.144,11.0,0.033,0.04967896939349688,26.0,XSCHORUSCC,F3,14
13,13.0,0.015,14.0,0.415,12.0,0.055,0.06122091146005587,26.0,XSCHORUSCC,F3,14
14,14.0,0.045,15.0,0.328,13.0,0.133,0.07360027173862879,26.0,XSCHORUSCC,F3,14
15,15.0,0.045,16.0,0.377,14.0,0.064,0.06369458375717671,26.0,XSCHORUSCC,F3,14
16,16.0,0.045,17.0,0.425,15.0,0.045,0.05385164807134505,26.0,XSCHORUSCC,F3,14
17,17.0,0.045,18.0,0.414,16.0,0.035,0.046238512086787566,26.0,XSCHORUSCC,F3,14
18,18.0,0.045,19.0,0.436,17.0,0.026,0.0412310562561766,26.0,XSCHORUSCC,F3,14
19,19.0,0.045,20.0,0.457,18.0,0.029,0.03757658845611187,26.0,XSCHORUSCC,F3,14
20,20.0,0.045,21.0,0.441,19.0,0.029,0.035355339059327376,26.0,XSCHORUSCC,F3,14
21,21.0,0.045,22.0,0.562,20.0,0.027,0.036891733491393436,26.0,XSCHORUSCC,F3,14
22,22.0,0.045,23.0,0.542,21.0,0.028,0.04,26.0,XSCHORUSCC,F3,14
23,23.0,0.045,24.0,0.558,22.0,0.025,0.045343136195018535,26.0,XSCHORUSCC,F3,14
24,24.0,0.045,25.0,0.518,23.0,0.026,0.05375872022286245,26.0,XSCHORUSCC,F3,14
25,25.0,0.045,26.0,0.55,24.0,0.034,0.06363961030678927,26.0,XSCHORUSCC,F3,14
26,26.0,0.045,27.0,0.599,25.0,0.053,0.07638062581571324,26.0,XSCHORUSCC,F3,14
27,27.0,0.08,28.0,0.469,26.0,0.096,0.09128526715741155,26.0,XSCHORUSCC,F3,14
28,28.0,0.08,29.0,0.494,27.0,0.065,0.07201388754955533,26.0,XSCHORUSCC,F3,14
29,29.0,0.08,30.0,0.591,28.0,0.046,0.061326992425847854,26.0,XSCHORUSCC,F3,14
30,30.0,0.08,31.0,0.601,29.0,0.033,0.052392747589718944,26.0,XSCHORUSCC,F3,14
31,31.0,0.08,32.0,0.661,30.0,0.025,0.04661544808322665,26.0,XSCHORUSCC,F3,14
32,32.0,0.08,33.0,0.649,31.0,0.026,0.042544094772365294,26.0,XSCHORUSCC,F3,14
33,33.0,0.08,34.0,0.652,32.0,0.027,0.03981205847478876,26.0,XSCHORUSCC,F3,14
34,34.0,0.08,35.0,0.706,33.0,0.025,0.04070626487409524,26.0,XSCHORUSCC,F3,14
35,35.0,0.08,36.0,0.744,34.0,0.026,0.043566041821583926,26.0,XSCHORUSCC,F3,14
36,36.0,0.08,37.0,0.715,35.0,0.021,0.048600411520891465,26.0,XSCHORUSCC,F3,14
37,37.0,0.08,38.0,0.752,36.0,0.024,0.05685068161420758,26.0,XSCHORUSCC,F3,14
38,38.0,0.08,39.0,0.997,37.0,0.03,0.06726812023536856,26.0,XSCHORUSCC,F3,14
39,39.0,0.08,40.0,0.654,38.0,0.044,0.07993122043357026,26.0,XSCHORUSCC,F3,14
40,40.0,0.125,41.0,0.66,39.0,0.076,0.09546203433826456,26.0,XSCHORUSCC,F3,14
41,41.0,0.125,42.0,0.669,40.0,0.06,0.062169124169478215,26.0,XSCHORUSCC,F3,14
42,42.0,0.125,43.0,0.69,41.0,0.043,0.05503635162326806,26.0,XSCHORUSCC,F3,14
43,43.0,0.125,44.0,0.694,42.0,0.032,0.05015974481593781,26.0,XSCHORUSCC,F3,14
44,44.0,0.125,45.0,0.732,43.0,0.023,0.04661544808322665,26.0,XSCHORUSCC,F3,14
45,45.0,0.125,46.0,0.809,44.0,0.024,0.04569463863518345,26.0,XSCHORUSCC,F3,14
46,46.0,0.125,47.0,0.781,45.0,0.023,0.04518849411078002,26.0,XSCHORUSCC,F3,14
47,47.0,0.125,48.0,0.793,46.0,0.022,0.047413078364518794,26.0,XSCHORUSCC,F3,14
48,48.0,0.125,49.0,0.829,47.0,0.023,0.051107729356722545,26.0,XSCHORUSCC,F3,14
49,49.0,0.125,50.0,0.819,48.0,0.019,0.05630275304103699,26.0,XSCHORUSCC,F3,14
50,50.0,0.125,51.0,0.833,49.0,0.021,0.0638200595424354,26.0,XSCHORUSCC,F3,14
51,51.0,0.125,52.0,0.82,50.0,0.025,0.07262231062146123,26.0,XSCHORUSCC,F3,14
52,52.0,0.125,53.0,0.671,51.0,0.034,0.08373768566183327,26.0,XSCHORUSCC,F3,14
53,53.0,0.175,54.0,0.751,52.0,0.067,0.09774456506629921,26.0,XSCHORUSCC,F3,14
54,54.0,0.175,55.0,0.753,53.0,0.057,0.04420407221060069,26.0,XSCHORUSCC,F3,14
55,55.0,0.175,56.0,0.753,54.0,0.044,0.04188078318274385,26.0,XSCHORUSCC,F3,14
56,56.0,0.175,57.0,0.776,55.0,0.031,0.04031128874149275,26.0,XSCHORUSCC,F3,14
57,57.0,0.175,58.0,0.83,56.0,0.023,0.03935733730830886,26.0,XSCHORUSCC,F3,14
58,58.0,0.175,59.0,0.81,57.0,0.024,0.03891015291668744,26.0,XSCHORUSCC,F3,14
59,59.0,0.175,60.0,0.796,58.0,0.023,0.03981205847478876,26.0,XSCHORUSCC,F3,14
60,60.0,0.175,61.0,0.838,59.0,0.021,0.04159326868617084,26.0,XSCHORUSCC,F3,14
61,61.0,0.175,62.0,0.819,60.0,0.021,0.0439089968002003,26.0,XSCHORUSCC,F3,14
62,62.0,0.175,63.0,0.846,61.0,0.018,0.04825971404805461,26.0,XSCHORUSCC,F3,14
63,63.0,0.175,64.0,0.799,62.0,0.019,0.05280151512977634,26.0,XSCHORUSCC,F3,14
64,64.0,0.175,65.0,0.755,63.0,0.022,0.0587962583843564,26.0,XSCHORUSCC,F3,14
65,65.0,0.175,66.0,0.732,64.0,0.031,0.06646803743153547,26.0,XSCHORUSCC,F3,14
66,66.0,0.225,67.0,0.701,65.0,0.052,0.07507329751649384,26.0,XSCHORUSCC,F3,14
67,67.0,0.225,68.0,0.756,66.0,0.059,0.09052071586106686,26.0,XSCHORUSCC,F3,14
68,68.0,0.225,69.0,0.758,67.0,0.04,0.07021395872616784,26.0,XSCHORUSCC,F3,14
69,69.0,0.225,70.0,0.776,68.0,0.029,0.05314132102234569,26.0,XSCHORUSCC,F3,14
70,70.0,0.225,71.0,0.78,69.0,0.022,0.04031128874149274,26.0,XSCHORUSCC,F3,14
71,71.0,0.225,72.0,0.808,70.0,0.023,0.030886890422961,26.0,XSCHORUSCC,F3,14
72,72.0,0.225,73.0,0.765,71.0,0.022,0.02640075756488817,26.0,XSCHORUSCC,F3,14
73,73.0,0.225,74.0,0.786,72.0,0.019,0.024758836806279896,26.0,XSCHORUSCC,F3,14
74,74.0,0.225,75.0,0.778,73.0,0.02,0.02690724809414742,26.0,XSCHORUSCC,F3,14
75,75.0,0.225,76.0,0.809,74.0,0.016,0.032557641192199414,26.0,XSCHORUSCC,F3,14
76,76.0,0.225,77.0,0.761,75.0,0.018,0.04101219330881976,26.0,XSCHORUSCC,F3,14
77,77.0,0.225,78.0,0.724,76.0,0.021,0.05240229002629561,26.0,XSCHORUSCC,F3,14
78,78.0,0.225,79.0,0.662,77.0,0.029,0.06762396025078685,26.0,XSCHORUSCC,F3,14
79,79.0,0.275,80.0,0.651,78.0,0.054,0.08741853350405736,26.0,XSCHORUSCC,F3,14
80,80.0,0.275,81.0,0.79,79.0,0.053,0.07720103626247513,26.0,XSCHORUSCC,F3,14
81,81.0,0.275,82.0,0.68,80.0,0.037,0.06168468205316454,26.0,XSCHORUSCC,F3,14
82,82.0,0.275,83.0,0.7,81.0,0.029,0.04870318264754368,26.0,XSCHORUSCC,F3,14
83,83.0,0.275,84.0,0.75,82.0,0.02,0.039,26.0,XSCHORUSCC,F3,14
84,84.0,0.275,85.0,0.738,83.0,0.022,0.03130495168499706,26.0,XSCHORUSCC,F3,14
85,85.0,0.275,86.0,0.691,84.0,0.02,0.02745906043549196,26.0,XSCHORUSCC,F3,14
86,86.0,0.275,87.0,0.659,85.0,0.018,0.025612496949731396,26.0,XSCHORUSCC,F3,14
87,87.0,0.275,88.0,0.666,86.0,0.018,0.02690724809414742,26.0,XSCHORUSCC,F3,14
88,88.0,0.275,89.0,0.69,87.0,0.014,0.03111269837220809,26.0,XSCHORUSCC,F3,14
89,89.0,0.275,90.0,0.73,88.0,0.015,0.03748332962798263,26.0,XSCHORUSCC,F3,14
90,90.0,0.275,91.0,0.588,89.0,0.019,0.04675467891024384,26.0,XSCHORUSCC,F3,14
91,91.0,0.275,92.0,0.609,90.0,0.026,0.05825804665451803,26.0,XSCHORUSCC,F3,14
92,92.0,0.35,93.0,0.601,91.0,0.055,0.07200694410957877,26.0,XSCHORUSCC,F3,14
93,93.0,0.35,94.0,0.555,92.0,0.035,0.04976946855251722,26.0,XSCHORUSCC,F3,14
94,94.0,0.35,95.0,0.582,93.0,0.025,0.03807886552931954,26.0,XSCHORUSCC,F3,14
95,95.0,0.35,96.0,0.548,94.0,0.018,0.02996664812754339,26.0,XSCHORUSCC,F3,14
96,96.0,0.35,97.0,0.554,95.0,0.013,0.023706539182259397,26.0,XSCHORUSCC,F3,14
97,97.0,0.35,98.0,0.55,96.0,0.013,0.018867962264113206,26.0,XSCHORUSCC,F3,14
98,98.0,0.35,99.0,0.553,97.0,0.012,0.017204650534085254,26.0,XSCHORUSCC,F3,14
99,99.0,0.35,100.0,0.553,98.0,0.011,0.0170293863659264,26.0,XSCHORUSCC,F3,14
100,100.0,0.35,101.0,0.548,99.0,0.012,0.0191049731745428,26.0,XSCHORUSCC,F3,14
101,101.0,0.35,102.0,0.507,100.0,0.012,0.022671568097509268,26.0,XSCHORUSCC,F3,14
102,102.0,0.35,103.0,0.512,101.0,0.01,0.029068883707497266,26.0,XSCHORUSCC,F3,14
103,103.0,0.35,104.0,0.517,102.0,0.012,0.03623534186398688,26.0,XSCHORUSCC,F3,14
104,104.0,0.35,105.0,0.463,103.0,0.016,0.04640043103248072,26.0,XSCHORUSCC,F3,14
105,105.0,0.45,106.0,0.399,104.0,0.027,0.05882176467941097,26.0,XSCHORUSCC,F3,14
106,106.0,0.45,107.0,0.402,105.0,0.029,0.045607017003965515,26.0,XSCHORUSCC,F3,14
107,107.0,0.45,108.0,0.375,106.0,0.019,0.03905124837953327,26.0,XSCHORUSCC,F3,14
108,108.0,0.45,109.0,0.375,107.0,0.014,0.03492849839314596,26.0,XSCHORUSCC,F3,14
109,109.0,0.45,110.0,0.364,108.0,0.01,0.030805843601498725,26.0,XSCHORUSCC,F3,14
110,110.0,0.45,111.0,0.342,109.0,0.01,0.026683328128252668,26.0,XSCHORUSCC,F3,14
111,111.0,0.45,112.0,0.347,110.0,0.01,0.025,26.0,XSCHORUSCC,F3,14
112,112.0,0.45,113.0,0.327,111.0,0.008,0.02340939982143925,26.0,XSCHORUSCC,F3,14
113,113.0,0.45,114.0,0.315,112.0,0.009,0.023259406699226014,26.0,XSCHORUSCC,F3,14
114,114.0,0.45,115.0,0.333,113.0,0.009,0.0233238075793812,26.0,XSCHORUSCC,F3,14
115,115.0,0.45,116.0,0.305,114.0,0.007,0.025,26.0,XSCHORUSCC,F3,14
116,116.0,0.45,117.0,0.288,115.0,0.009,0.02831960451701259,26.0,XSCHORUSCC,F3,14
117,117.0,0.45,118.0,0.257,116.0,0.011,0.03324154027718933,26.0,XSCHORUSCC,F3,14
118,118.0,0.55,119.0,0.273,117.0,0.019,0.03894868418830089,26.0,XSCHORUSCC,F3,14
119,119.0,0.55,120.0,0.235,118.0,0.021,0.019924858845171277,26.0,XSCHORUSCC,F3,14
120,120.0,0.55,121.0,0.236,119.0,0.015,0.0196468827043885,26.0,XSCHORUSCC,F3,14
121,121.0,0.55,122.0,0.212,120.0,0.01,0.018681541692269404,26.0,XSCHORUSCC,F3,14
122,122.0,0.55,123.0,0.197,121.0,0.008,0.01746424919657298,26.0,XSCHORUSCC,F3,14
123,123.0,0.55,124.0,0.192,122.0,0.007,0.01649242250247064,26.0,XSCHORUSCC,F3,14
124,124.0,0.55,125.0,0.183,123.0,0.006,0.01649242250247064,26.0,XSCHORUSCC,F3,14
125,125.0,0.55,126.0,0.171,124.0,0.006,0.015524174696260024,26.0,XSCHORUSCC,F3,14
126,126.0,0.55,127.0,0.167,125.0,0.006,0.014866068747318507,26.0,XSCHORUSCC,F3,14
127,127.0,0.55,128.0,0.158,126.0,0.006,0.01392838827718412,26.0,XSCHORUSCC,F3,14
128,128.0,0.55,129.0,0.154,127.0,0.005,0.014317821063276353,26.0,XSCHORUSCC,F3,14
129,129.0,0.55,130.0,0.126,128.0,0.006,0.014422205101855958,26.0,XSCHORUSCC,F3,14
130,130.0,0.55,131.0,0.158,129.0,0.008,0.014212670403551895,26.0,XSCHORUSCC,F3,14
131,131.0,0.65,132.0,0.155,130.0,0.015,0.015556349186104044,26.0,XSCHORUSCC,F3,14
132,132.0,0.65,133.0,0.137,131.0,0.015,0.017204650534085254,26.0,XSCHORUSCC,F3,14
133,133.0,0.65,134.0,0.115,132.0,0.01,0.015264337522473748,26.0,XSCHORUSCC,F3,14
134,134.0,0.65,135.0,0.093,133.0,0.007,0.014317821063276353,26.0,XSCHORUSCC,F3,14
135,135.0,0.65,136.0,0.091,134.0,0.005,0.013000000000000001,26.0,XSCHORUSCC,F3,14
136,136.0,0.65,137.0,0.079,135.0,0.004,0.012649110640673518,26.0,XSCHORUSCC,F3,14
137,137.0,0.65,138.0,0.083,136.0,0.004,0.011401754250991379,26.0,XSCHORUSCC,F3,14
138,138.0,0.65,139.0,0.07,137.0,0.003,0.011180339887498947,26.0,XSCHORUSCC,F3,14
139,139.0,0.65,140.0,0.068,138.0,0.004,0.01019803902718557,26.0,XSCHORUSCC,F3,14
140,140.0,0.65,141.0,0.067,139.0,0.003,0.01019803902718557,26.0,XSCHORUSCC,F3,14
141,141.0,0.65,142.0,0.072,140.0,0.003,0.009219544457292887,26.0,XSCHORUSCC,F3,14
142,142.0,0.65,143.0,0.058,141.0,0.003,0.009219544457292887,26.0,XSCHORUSCC,F3,14
